run_dir,run_name,method,held_out_ur,eval_ur,metric,value
/Users/kasperslagstad/Desktop/Masterproject/logs/phnn_Ur1/phnnSS2_Ur10_0211-133529,phnnSS2_Ur10_0211-133529,phnn,10.0,1.0,Disp rollout NRMSE,1.380045
/Users/kasperslagstad/Desktop/Masterproject/logs/phnn_Ur1/phnnSS2_Ur10_0211-133529,phnnSS2_Ur10_0211-133529,phnn,10.0,1.0,Force rollout NRMSE,1.373577
/Users/kasperslagstad/Desktop/Masterproject/logs/phnn_Ur1/phnnSS2_Ur10_0211-133529,phnnSS2_Ur10_0211-133529,phnn,10.0,1.0,Force mapping NRMSE,0.1869012
/Users/kasperslagstad/Desktop/Masterproject/logs/phnn_Ur1/phnnSS2_Ur10_0211-133529,phnnSS2_Ur10_0211-133529,phnn,10.0,2.0,Disp rollout NRMSE,0.1945168
/Users/kasperslagstad/Desktop/Masterproject/logs/phnn_Ur1/phnnSS2_Ur10_0211-133529,phnnSS2_Ur10_0211-133529,phnn,10.0,2.0,Force rollout NRMSE,0.1956563
/Users/kasperslagstad/Desktop/Masterproject/logs/phnn_Ur1/phnnSS2_Ur10_0211-133529,phnnSS2_Ur10_0211-133529,phnn,10.0,2.0,Force mapping NRMSE,0.006999401
/Users/kasperslagstad/Desktop/Masterproject/logs/phnn_Ur1/phnnSS2_Ur10_0211-133529,phnnSS2_Ur10_0211-133529,phnn,10.0,3.0,Disp rollout NRMSE,0.08265086
/Users/kasperslagstad/Desktop/Masterproject/logs/phnn_Ur1/phnnSS2_Ur10_0211-133529,phnnSS2_Ur10_0211-133529,phnn,10.0,3.0,Force rollout NRMSE,0.08275651
/Users/kasperslagstad/Desktop/Masterproject/logs/phnn_Ur1/phnnSS2_Ur10_0211-133529,phnnSS2_Ur10_0211-133529,phnn,10.0,3.0,Force mapping NRMSE,0.003398608
/Users/kasperslagstad/Desktop/Masterproject/logs/phnn_Ur1/phnnSS2_Ur10_0211-133529,phnnSS2_Ur10_0211-133529,phnn,10.0,4.0,Disp rollout NRMSE,0.003135313
/Users/kasperslagstad/Desktop/Masterproject/logs/phnn_Ur1/phnnSS2_Ur10_0211-133529,phnnSS2_Ur10_0211-133529,phnn,10.0,4.0,Force rollout NRMSE,0.006205189
/Users/kasperslagstad/Desktop/Masterproject/logs/phnn_Ur1/phnnSS2_Ur10_0211-133529,phnnSS2_Ur10_0211-133529,phnn,10.0,4.0,Force mapping NRMSE,0.005330869
/Users/kasperslagstad/Desktop/Masterproject/logs/phnn_Ur1/phnnSS2_Ur10_0211-133529,phnnSS2_Ur10_0211-133529,phnn,10.0,5.0,Disp rollout NRMSE,0.02451945
/Users/kasperslagstad/Desktop/Masterproject/logs/phnn_Ur1/phnnSS2_Ur10_0211-133529,phnnSS2_Ur10_0211-133529,phnn,10.0,5.0,Force rollout NRMSE,0.0423394
/Users/kasperslagstad/Desktop/Masterproject/logs/phnn_Ur1/phnnSS2_Ur10_0211-133529,phnnSS2_Ur10_0211-133529,phnn,10.0,5.0,Force mapping NRMSE,0.03114454
/Users/kasperslagstad/Desktop/Masterproject/logs/phnn_Ur1/phnnSS2_Ur10_0211-133529,phnnSS2_Ur10_0211-133529,phnn,10.0,6.0,Disp rollout NRMSE,0.02707385
/Users/kasperslagstad/Desktop/Masterproject/logs/phnn_Ur1/phnnSS2_Ur10_0211-133529,phnnSS2_Ur10_0211-133529,phnn,10.0,6.0,Force rollout NRMSE,0.04326619
/Users/kasperslagstad/Desktop/Masterproject/logs/phnn_Ur1/phnnSS2_Ur10_0211-133529,phnnSS2_Ur10_0211-133529,phnn,10.0,6.0,Force mapping NRMSE,0.02094154
/Users/kasperslagstad/Desktop/Masterproject/logs/phnn_Ur1/phnnSS2_Ur10_0211-133529,phnnSS2_Ur10_0211-133529,phnn,10.0,7.0,Disp rollout NRMSE,0.03288264
/Users/kasperslagstad/Desktop/Masterproject/logs/phnn_Ur1/phnnSS2_Ur10_0211-133529,phnnSS2_Ur10_0211-133529,phnn,10.0,7.0,Force rollout NRMSE,0.03912863
/Users/kasperslagstad/Desktop/Masterproject/logs/phnn_Ur1/phnnSS2_Ur10_0211-133529,phnnSS2_Ur10_0211-133529,phnn,10.0,7.0,Force mapping NRMSE,0.01021963
/Users/kasperslagstad/Desktop/Masterproject/logs/phnn_Ur1/phnnSS2_Ur10_0211-133529,phnnSS2_Ur10_0211-133529,phnn,10.0,8.0,Disp rollout NRMSE,0.04108585
/Users/kasperslagstad/Desktop/Masterproject/logs/phnn_Ur1/phnnSS2_Ur10_0211-133529,phnnSS2_Ur10_0211-133529,phnn,10.0,8.0,Force rollout NRMSE,0.04603416
/Users/kasperslagstad/Desktop/Masterproject/logs/phnn_Ur1/phnnSS2_Ur10_0211-133529,phnnSS2_Ur10_0211-133529,phnn,10.0,8.0,Force mapping NRMSE,0.006097674
/Users/kasperslagstad/Desktop/Masterproject/logs/phnn_Ur1/phnnSS2_Ur10_0211-133529,phnnSS2_Ur10_0211-133529,phnn,10.0,9.0,Disp rollout NRMSE,0.07582542
/Users/kasperslagstad/Desktop/Masterproject/logs/phnn_Ur1/phnnSS2_Ur10_0211-133529,phnnSS2_Ur10_0211-133529,phnn,10.0,9.0,Force rollout NRMSE,0.08224563
/Users/kasperslagstad/Desktop/Masterproject/logs/phnn_Ur1/phnnSS2_Ur10_0211-133529,phnnSS2_Ur10_0211-133529,phnn,10.0,9.0,Force mapping NRMSE,0.005156815
/Users/kasperslagstad/Desktop/Masterproject/logs/phnn_Ur1/phnnSS2_Ur10_0211-133529,phnnSS2_Ur10_0211-133529,phnn,10.0,10.0,Disp rollout NRMSE,0.09688798
/Users/kasperslagstad/Desktop/Masterproject/logs/phnn_Ur1/phnnSS2_Ur10_0211-133529,phnnSS2_Ur10_0211-133529,phnn,10.0,10.0,Force rollout NRMSE,0.1035136
/Users/kasperslagstad/Desktop/Masterproject/logs/phnn_Ur1/phnnSS2_Ur10_0211-133529,phnnSS2_Ur10_0211-133529,phnn,10.0,10.0,Force mapping NRMSE,0.004495362
/Users/kasperslagstad/Desktop/Masterproject/logs/phnn_Ur1/phnnSS2_Ur10_0211-133529,phnnSS2_Ur10_0211-133529,phnn,10.0,11.0,Disp rollout NRMSE,0.1231089
/Users/kasperslagstad/Desktop/Masterproject/logs/phnn_Ur1/phnnSS2_Ur10_0211-133529,phnnSS2_Ur10_0211-133529,phnn,10.0,11.0,Force rollout NRMSE,0.1286626
/Users/kasperslagstad/Desktop/Masterproject/logs/phnn_Ur1/phnnSS2_Ur10_0211-133529,phnnSS2_Ur10_0211-133529,phnn,10.0,11.0,Force mapping NRMSE,0.003581074
/Users/kasperslagstad/Desktop/Masterproject/logs/phnn_Ur1/phnnSS2_Ur10_0211-133529,phnnSS2_Ur10_0211-133529,phnn,10.0,12.0,Disp rollout NRMSE,0.08589754
/Users/kasperslagstad/Desktop/Masterproject/logs/phnn_Ur1/phnnSS2_Ur10_0211-133529,phnnSS2_Ur10_0211-133529,phnn,10.0,12.0,Force rollout NRMSE,0.08962971
/Users/kasperslagstad/Desktop/Masterproject/logs/phnn_Ur1/phnnSS2_Ur10_0211-133529,phnnSS2_Ur10_0211-133529,phnn,10.0,12.0,Force mapping NRMSE,0.003448776
/Users/kasperslagstad/Desktop/Masterproject/logs/phnn_Ur1/phnnSS2_Ur11_0211-133533,phnnSS2_Ur11_0211-133533,phnn,11.0,1.0,Disp rollout NRMSE,1.423
/Users/kasperslagstad/Desktop/Masterproject/logs/phnn_Ur1/phnnSS2_Ur11_0211-133533,phnnSS2_Ur11_0211-133533,phnn,11.0,1.0,Force rollout NRMSE,1.413927
/Users/kasperslagstad/Desktop/Masterproject/logs/phnn_Ur1/phnnSS2_Ur11_0211-133533,phnnSS2_Ur11_0211-133533,phnn,11.0,1.0,Force mapping NRMSE,0.1842698
/Users/kasperslagstad/Desktop/Masterproject/logs/phnn_Ur1/phnnSS2_Ur11_0211-133533,phnnSS2_Ur11_0211-133533,phnn,11.0,2.0,Disp rollout NRMSE,0.1870225
/Users/kasperslagstad/Desktop/Masterproject/logs/phnn_Ur1/phnnSS2_Ur11_0211-133533,phnnSS2_Ur11_0211-133533,phnn,11.0,2.0,Force rollout NRMSE,0.1875172
/Users/kasperslagstad/Desktop/Masterproject/logs/phnn_Ur1/phnnSS2_Ur11_0211-133533,phnnSS2_Ur11_0211-133533,phnn,11.0,2.0,Force mapping NRMSE,0.009326708
/Users/kasperslagstad/Desktop/Masterproject/logs/phnn_Ur1/phnnSS2_Ur11_0211-133533,phnnSS2_Ur11_0211-133533,phnn,11.0,3.0,Disp rollout NRMSE,0.07849512
/Users/kasperslagstad/Desktop/Masterproject/logs/phnn_Ur1/phnnSS2_Ur11_0211-133533,phnnSS2_Ur11_0211-133533,phnn,11.0,3.0,Force rollout NRMSE,0.07888412
/Users/kasperslagstad/Desktop/Masterproject/logs/phnn_Ur1/phnnSS2_Ur11_0211-133533,phnnSS2_Ur11_0211-133533,phnn,11.0,3.0,Force mapping NRMSE,0.004808728
/Users/kasperslagstad/Desktop/Masterproject/logs/phnn_Ur1/phnnSS2_Ur11_0211-133533,phnnSS2_Ur11_0211-133533,phnn,11.0,4.0,Disp rollout NRMSE,0.04081152
/Users/kasperslagstad/Desktop/Masterproject/logs/phnn_Ur1/phnnSS2_Ur11_0211-133533,phnnSS2_Ur11_0211-133533,phnn,11.0,4.0,Force rollout NRMSE,0.04165593
/Users/kasperslagstad/Desktop/Masterproject/logs/phnn_Ur1/phnnSS2_Ur11_0211-133533,phnnSS2_Ur11_0211-133533,phnn,11.0,4.0,Force mapping NRMSE,0.004354524
/Users/kasperslagstad/Desktop/Masterproject/logs/phnn_Ur1/phnnSS2_Ur11_0211-133533,phnnSS2_Ur11_0211-133533,phnn,11.0,5.0,Disp rollout NRMSE,0.02327029
/Users/kasperslagstad/Desktop/Masterproject/logs/phnn_Ur1/phnnSS2_Ur11_0211-133533,phnnSS2_Ur11_0211-133533,phnn,11.0,5.0,Force rollout NRMSE,0.03777897
/Users/kasperslagstad/Desktop/Masterproject/logs/phnn_Ur1/phnnSS2_Ur11_0211-133533,phnnSS2_Ur11_0211-133533,phnn,11.0,5.0,Force mapping NRMSE,0.02129524
/Users/kasperslagstad/Desktop/Masterproject/logs/phnn_Ur1/phnnSS2_Ur11_0211-133533,phnnSS2_Ur11_0211-133533,phnn,11.0,6.0,Disp rollout NRMSE,0.02625611
/Users/kasperslagstad/Desktop/Masterproject/logs/phnn_Ur1/phnnSS2_Ur11_0211-133533,phnnSS2_Ur11_0211-133533,phnn,11.0,6.0,Force rollout NRMSE,0.04182727
/Users/kasperslagstad/Desktop/Masterproject/logs/phnn_Ur1/phnnSS2_Ur11_0211-133533,phnnSS2_Ur11_0211-133533,phnn,11.0,6.0,Force mapping NRMSE,0.01678683
/Users/kasperslagstad/Desktop/Masterproject/logs/phnn_Ur1/phnnSS2_Ur11_0211-133533,phnnSS2_Ur11_0211-133533,phnn,11.0,7.0,Disp rollout NRMSE,0.03443612
/Users/kasperslagstad/Desktop/Masterproject/logs/phnn_Ur1/phnnSS2_Ur11_0211-133533,phnnSS2_Ur11_0211-133533,phnn,11.0,7.0,Force rollout NRMSE,0.04210602
/Users/kasperslagstad/Desktop/Masterproject/logs/phnn_Ur1/phnnSS2_Ur11_0211-133533,phnnSS2_Ur11_0211-133533,phnn,11.0,7.0,Force mapping NRMSE,0.008556699
/Users/kasperslagstad/Desktop/Masterproject/logs/phnn_Ur1/phnnSS2_Ur11_0211-133533,phnnSS2_Ur11_0211-133533,phnn,11.0,8.0,Disp rollout NRMSE,0.04680945
/Users/kasperslagstad/Desktop/Masterproject/logs/phnn_Ur1/phnnSS2_Ur11_0211-133533,phnnSS2_Ur11_0211-133533,phnn,11.0,8.0,Force rollout NRMSE,0.05260766
/Users/kasperslagstad/Desktop/Masterproject/logs/phnn_Ur1/phnnSS2_Ur11_0211-133533,phnnSS2_Ur11_0211-133533,phnn,11.0,8.0,Force mapping NRMSE,0.006226588
/Users/kasperslagstad/Desktop/Masterproject/logs/phnn_Ur1/phnnSS2_Ur11_0211-133533,phnnSS2_Ur11_0211-133533,phnn,11.0,9.0,Disp rollout NRMSE,0.0502007
/Users/kasperslagstad/Desktop/Masterproject/logs/phnn_Ur1/phnnSS2_Ur11_0211-133533,phnnSS2_Ur11_0211-133533,phnn,11.0,9.0,Force rollout NRMSE,0.05441726
/Users/kasperslagstad/Desktop/Masterproject/logs/phnn_Ur1/phnnSS2_Ur11_0211-133533,phnnSS2_Ur11_0211-133533,phnn,11.0,9.0,Force mapping NRMSE,0.004712632
/Users/kasperslagstad/Desktop/Masterproject/logs/phnn_Ur1/phnnSS2_Ur11_0211-133533,phnnSS2_Ur11_0211-133533,phnn,11.0,10.0,Disp rollout NRMSE,0.05279949
/Users/kasperslagstad/Desktop/Masterproject/logs/phnn_Ur1/phnnSS2_Ur11_0211-133533,phnnSS2_Ur11_0211-133533,phnn,11.0,10.0,Force rollout NRMSE,0.05626559
/Users/kasperslagstad/Desktop/Masterproject/logs/phnn_Ur1/phnnSS2_Ur11_0211-133533,phnnSS2_Ur11_0211-133533,phnn,11.0,10.0,Force mapping NRMSE,0.004306528
/Users/kasperslagstad/Desktop/Masterproject/logs/phnn_Ur1/phnnSS2_Ur11_0211-133533,phnnSS2_Ur11_0211-133533,phnn,11.0,11.0,Disp rollout NRMSE,0.0775287
/Users/kasperslagstad/Desktop/Masterproject/logs/phnn_Ur1/phnnSS2_Ur11_0211-133533,phnnSS2_Ur11_0211-133533,phnn,11.0,11.0,Force rollout NRMSE,0.08099367
/Users/kasperslagstad/Desktop/Masterproject/logs/phnn_Ur1/phnnSS2_Ur11_0211-133533,phnnSS2_Ur11_0211-133533,phnn,11.0,11.0,Force mapping NRMSE,0.004853838
/Users/kasperslagstad/Desktop/Masterproject/logs/phnn_Ur1/phnnSS2_Ur11_0211-133533,phnnSS2_Ur11_0211-133533,phnn,11.0,12.0,Disp rollout NRMSE,0.06678221
/Users/kasperslagstad/Desktop/Masterproject/logs/phnn_Ur1/phnnSS2_Ur11_0211-133533,phnnSS2_Ur11_0211-133533,phnn,11.0,12.0,Force rollout NRMSE,0.06966516
/Users/kasperslagstad/Desktop/Masterproject/logs/phnn_Ur1/phnnSS2_Ur11_0211-133533,phnnSS2_Ur11_0211-133533,phnn,11.0,12.0,Force mapping NRMSE,0.00387705
/Users/kasperslagstad/Desktop/Masterproject/logs/phnn_Ur1/phnnSS2_Ur12_0211-133534,phnnSS2_Ur12_0211-133534,phnn,12.0,1.0,Disp rollout NRMSE,1.809668
/Users/kasperslagstad/Desktop/Masterproject/logs/phnn_Ur1/phnnSS2_Ur12_0211-133534,phnnSS2_Ur12_0211-133534,phnn,12.0,1.0,Force rollout NRMSE,1.790852
/Users/kasperslagstad/Desktop/Masterproject/logs/phnn_Ur1/phnnSS2_Ur12_0211-133534,phnnSS2_Ur12_0211-133534,phnn,12.0,1.0,Force mapping NRMSE,0.1912719
/Users/kasperslagstad/Desktop/Masterproject/logs/phnn_Ur1/phnnSS2_Ur12_0211-133534,phnnSS2_Ur12_0211-133534,phnn,12.0,2.0,Disp rollout NRMSE,0.1421684
/Users/kasperslagstad/Desktop/Masterproject/logs/phnn_Ur1/phnnSS2_Ur12_0211-133534,phnnSS2_Ur12_0211-133534,phnn,12.0,2.0,Force rollout NRMSE,0.1455305
/Users/kasperslagstad/Desktop/Masterproject/logs/phnn_Ur1/phnnSS2_Ur12_0211-133534,phnnSS2_Ur12_0211-133534,phnn,12.0,2.0,Force mapping NRMSE,0.01115536
/Users/kasperslagstad/Desktop/Masterproject/logs/phnn_Ur1/phnnSS2_Ur12_0211-133534,phnnSS2_Ur12_0211-133534,phnn,12.0,3.0,Disp rollout NRMSE,0.01880255
/Users/kasperslagstad/Desktop/Masterproject/logs/phnn_Ur1/phnnSS2_Ur12_0211-133534,phnnSS2_Ur12_0211-133534,phnn,12.0,3.0,Force rollout NRMSE,0.01986178
/Users/kasperslagstad/Desktop/Masterproject/logs/phnn_Ur1/phnnSS2_Ur12_0211-133534,phnnSS2_Ur12_0211-133534,phnn,12.0,3.0,Force mapping NRMSE,0.004180425
/Users/kasperslagstad/Desktop/Masterproject/logs/phnn_Ur1/phnnSS2_Ur12_0211-133534,phnnSS2_Ur12_0211-133534,phnn,12.0,4.0,Disp rollout NRMSE,0.05164796
/Users/kasperslagstad/Desktop/Masterproject/logs/phnn_Ur1/phnnSS2_Ur12_0211-133534,phnnSS2_Ur12_0211-133534,phnn,12.0,4.0,Force rollout NRMSE,0.05245089
/Users/kasperslagstad/Desktop/Masterproject/logs/phnn_Ur1/phnnSS2_Ur12_0211-133534,phnnSS2_Ur12_0211-133534,phnn,12.0,4.0,Force mapping NRMSE,0.004696076
/Users/kasperslagstad/Desktop/Masterproject/logs/phnn_Ur1/phnnSS2_Ur12_0211-133534,phnnSS2_Ur12_0211-133534,phnn,12.0,5.0,Disp rollout NRMSE,0.04597096
/Users/kasperslagstad/Desktop/Masterproject/logs/phnn_Ur1/phnnSS2_Ur12_0211-133534,phnnSS2_Ur12_0211-133534,phnn,12.0,5.0,Force rollout NRMSE,0.06957467
/Users/kasperslagstad/Desktop/Masterproject/logs/phnn_Ur1/phnnSS2_Ur12_0211-133534,phnnSS2_Ur12_0211-133534,phnn,12.0,5.0,Force mapping NRMSE,0.04195077
/Users/kasperslagstad/Desktop/Masterproject/logs/phnn_Ur1/phnnSS2_Ur12_0211-133534,phnnSS2_Ur12_0211-133534,phnn,12.0,6.0,Disp rollout NRMSE,0.03335243
/Users/kasperslagstad/Desktop/Masterproject/logs/phnn_Ur1/phnnSS2_Ur12_0211-133534,phnnSS2_Ur12_0211-133534,phnn,12.0,6.0,Force rollout NRMSE,0.05179734
/Users/kasperslagstad/Desktop/Masterproject/logs/phnn_Ur1/phnnSS2_Ur12_0211-133534,phnnSS2_Ur12_0211-133534,phnn,12.0,6.0,Force mapping NRMSE,0.02052218
/Users/kasperslagstad/Desktop/Masterproject/logs/phnn_Ur1/phnnSS2_Ur12_0211-133534,phnnSS2_Ur12_0211-133534,phnn,12.0,7.0,Disp rollout NRMSE,0.03029656
/Users/kasperslagstad/Desktop/Masterproject/logs/phnn_Ur1/phnnSS2_Ur12_0211-133534,phnnSS2_Ur12_0211-133534,phnn,12.0,7.0,Force rollout NRMSE,0.03678916
/Users/kasperslagstad/Desktop/Masterproject/logs/phnn_Ur1/phnnSS2_Ur12_0211-133534,phnnSS2_Ur12_0211-133534,phnn,12.0,7.0,Force mapping NRMSE,0.007000724
/Users/kasperslagstad/Desktop/Masterproject/logs/phnn_Ur1/phnnSS2_Ur12_0211-133534,phnnSS2_Ur12_0211-133534,phnn,12.0,8.0,Disp rollout NRMSE,0.03204604
/Users/kasperslagstad/Desktop/Masterproject/logs/phnn_Ur1/phnnSS2_Ur12_0211-133534,phnnSS2_Ur12_0211-133534,phnn,12.0,8.0,Force rollout NRMSE,0.03588674
/Users/kasperslagstad/Desktop/Masterproject/logs/phnn_Ur1/phnnSS2_Ur12_0211-133534,phnnSS2_Ur12_0211-133534,phnn,12.0,8.0,Force mapping NRMSE,0.003611555
/Users/kasperslagstad/Desktop/Masterproject/logs/phnn_Ur1/phnnSS2_Ur12_0211-133534,phnnSS2_Ur12_0211-133534,phnn,12.0,9.0,Disp rollout NRMSE,0.03425339
/Users/kasperslagstad/Desktop/Masterproject/logs/phnn_Ur1/phnnSS2_Ur12_0211-133534,phnnSS2_Ur12_0211-133534,phnn,12.0,9.0,Force rollout NRMSE,0.03718851
/Users/kasperslagstad/Desktop/Masterproject/logs/phnn_Ur1/phnnSS2_Ur12_0211-133534,phnnSS2_Ur12_0211-133534,phnn,12.0,9.0,Force mapping NRMSE,0.002875698
/Users/kasperslagstad/Desktop/Masterproject/logs/phnn_Ur1/phnnSS2_Ur12_0211-133534,phnnSS2_Ur12_0211-133534,phnn,12.0,10.0,Disp rollout NRMSE,0.0328191
/Users/kasperslagstad/Desktop/Masterproject/logs/phnn_Ur1/phnnSS2_Ur12_0211-133534,phnnSS2_Ur12_0211-133534,phnn,12.0,10.0,Force rollout NRMSE,0.03514891
/Users/kasperslagstad/Desktop/Masterproject/logs/phnn_Ur1/phnnSS2_Ur12_0211-133534,phnnSS2_Ur12_0211-133534,phnn,12.0,10.0,Force mapping NRMSE,0.002409681
/Users/kasperslagstad/Desktop/Masterproject/logs/phnn_Ur1/phnnSS2_Ur12_0211-133534,phnnSS2_Ur12_0211-133534,phnn,12.0,11.0,Disp rollout NRMSE,0.04382443
/Users/kasperslagstad/Desktop/Masterproject/logs/phnn_Ur1/phnnSS2_Ur12_0211-133534,phnnSS2_Ur12_0211-133534,phnn,12.0,11.0,Force rollout NRMSE,0.04595471
/Users/kasperslagstad/Desktop/Masterproject/logs/phnn_Ur1/phnnSS2_Ur12_0211-133534,phnnSS2_Ur12_0211-133534,phnn,12.0,11.0,Force mapping NRMSE,0.002515488
/Users/kasperslagstad/Desktop/Masterproject/logs/phnn_Ur1/phnnSS2_Ur12_0211-133534,phnnSS2_Ur12_0211-133534,phnn,12.0,12.0,Disp rollout NRMSE,0.05601433
/Users/kasperslagstad/Desktop/Masterproject/logs/phnn_Ur1/phnnSS2_Ur12_0211-133534,phnnSS2_Ur12_0211-133534,phnn,12.0,12.0,Force rollout NRMSE,0.05834803
/Users/kasperslagstad/Desktop/Masterproject/logs/phnn_Ur1/phnnSS2_Ur12_0211-133534,phnnSS2_Ur12_0211-133534,phnn,12.0,12.0,Force mapping NRMSE,0.003774451
/Users/kasperslagstad/Desktop/Masterproject/logs/phnn_Ur1/phnnSS2_Ur1_0211-132307,phnnSS2_Ur1_0211-132307,phnn,1.0,1.0,Disp rollout NRMSE,1.600632
/Users/kasperslagstad/Desktop/Masterproject/logs/phnn_Ur1/phnnSS2_Ur1_0211-132307,phnnSS2_Ur1_0211-132307,phnn,1.0,1.0,Force rollout NRMSE,1.611745
/Users/kasperslagstad/Desktop/Masterproject/logs/phnn_Ur1/phnnSS2_Ur1_0211-132307,phnnSS2_Ur1_0211-132307,phnn,1.0,1.0,Force mapping NRMSE,1.045117
/Users/kasperslagstad/Desktop/Masterproject/logs/phnn_Ur1/phnnSS2_Ur1_0211-132307,phnnSS2_Ur1_0211-132307,phnn,1.0,2.0,Disp rollout NRMSE,0.04687773
/Users/kasperslagstad/Desktop/Masterproject/logs/phnn_Ur1/phnnSS2_Ur1_0211-132307,phnnSS2_Ur1_0211-132307,phnn,1.0,2.0,Force rollout NRMSE,0.04684061
/Users/kasperslagstad/Desktop/Masterproject/logs/phnn_Ur1/phnnSS2_Ur1_0211-132307,phnnSS2_Ur1_0211-132307,phnn,1.0,2.0,Force mapping NRMSE,0.007883137
/Users/kasperslagstad/Desktop/Masterproject/logs/phnn_Ur1/phnnSS2_Ur1_0211-132307,phnnSS2_Ur1_0211-132307,phnn,1.0,3.0,Disp rollout NRMSE,0.008978396
/Users/kasperslagstad/Desktop/Masterproject/logs/phnn_Ur1/phnnSS2_Ur1_0211-132307,phnnSS2_Ur1_0211-132307,phnn,1.0,3.0,Force rollout NRMSE,0.008940634
/Users/kasperslagstad/Desktop/Masterproject/logs/phnn_Ur1/phnnSS2_Ur1_0211-132307,phnnSS2_Ur1_0211-132307,phnn,1.0,3.0,Force mapping NRMSE,0.002022695
/Users/kasperslagstad/Desktop/Masterproject/logs/phnn_Ur1/phnnSS2_Ur1_0211-132307,phnnSS2_Ur1_0211-132307,phnn,1.0,4.0,Disp rollout NRMSE,0.03184715
/Users/kasperslagstad/Desktop/Masterproject/logs/phnn_Ur1/phnnSS2_Ur1_0211-132307,phnnSS2_Ur1_0211-132307,phnn,1.0,4.0,Force rollout NRMSE,0.03245665
/Users/kasperslagstad/Desktop/Masterproject/logs/phnn_Ur1/phnnSS2_Ur1_0211-132307,phnnSS2_Ur1_0211-132307,phnn,1.0,4.0,Force mapping NRMSE,0.002115043
/Users/kasperslagstad/Desktop/Masterproject/logs/phnn_Ur1/phnnSS2_Ur1_0211-132307,phnnSS2_Ur1_0211-132307,phnn,1.0,5.0,Disp rollout NRMSE,0.02695091
/Users/kasperslagstad/Desktop/Masterproject/logs/phnn_Ur1/phnnSS2_Ur1_0211-132307,phnnSS2_Ur1_0211-132307,phnn,1.0,5.0,Force rollout NRMSE,0.04163808
/Users/kasperslagstad/Desktop/Masterproject/logs/phnn_Ur1/phnnSS2_Ur1_0211-132307,phnnSS2_Ur1_0211-132307,phnn,1.0,5.0,Force mapping NRMSE,0.02297884
/Users/kasperslagstad/Desktop/Masterproject/logs/phnn_Ur1/phnnSS2_Ur1_0211-132307,phnnSS2_Ur1_0211-132307,phnn,1.0,6.0,Disp rollout NRMSE,0.02555859
/Users/kasperslagstad/Desktop/Masterproject/logs/phnn_Ur1/phnnSS2_Ur1_0211-132307,phnnSS2_Ur1_0211-132307,phnn,1.0,6.0,Force rollout NRMSE,0.04097358
/Users/kasperslagstad/Desktop/Masterproject/logs/phnn_Ur1/phnnSS2_Ur1_0211-132307,phnnSS2_Ur1_0211-132307,phnn,1.0,6.0,Force mapping NRMSE,0.01628741
/Users/kasperslagstad/Desktop/Masterproject/logs/phnn_Ur1/phnnSS2_Ur1_0211-132307,phnnSS2_Ur1_0211-132307,phnn,1.0,7.0,Disp rollout NRMSE,0.0277571
/Users/kasperslagstad/Desktop/Masterproject/logs/phnn_Ur1/phnnSS2_Ur1_0211-132307,phnnSS2_Ur1_0211-132307,phnn,1.0,7.0,Force rollout NRMSE,0.03387437
/Users/kasperslagstad/Desktop/Masterproject/logs/phnn_Ur1/phnnSS2_Ur1_0211-132307,phnnSS2_Ur1_0211-132307,phnn,1.0,7.0,Force mapping NRMSE,0.006984572
/Users/kasperslagstad/Desktop/Masterproject/logs/phnn_Ur1/phnnSS2_Ur1_0211-132307,phnnSS2_Ur1_0211-132307,phnn,1.0,8.0,Disp rollout NRMSE,0.02934391
/Users/kasperslagstad/Desktop/Masterproject/logs/phnn_Ur1/phnnSS2_Ur1_0211-132307,phnnSS2_Ur1_0211-132307,phnn,1.0,8.0,Force rollout NRMSE,0.03326675
/Users/kasperslagstad/Desktop/Masterproject/logs/phnn_Ur1/phnnSS2_Ur1_0211-132307,phnnSS2_Ur1_0211-132307,phnn,1.0,8.0,Force mapping NRMSE,0.004366752
/Users/kasperslagstad/Desktop/Masterproject/logs/phnn_Ur1/phnnSS2_Ur1_0211-132307,phnnSS2_Ur1_0211-132307,phnn,1.0,9.0,Disp rollout NRMSE,0.03655712
/Users/kasperslagstad/Desktop/Masterproject/logs/phnn_Ur1/phnnSS2_Ur1_0211-132307,phnnSS2_Ur1_0211-132307,phnn,1.0,9.0,Force rollout NRMSE,0.03986617
/Users/kasperslagstad/Desktop/Masterproject/logs/phnn_Ur1/phnnSS2_Ur1_0211-132307,phnnSS2_Ur1_0211-132307,phnn,1.0,9.0,Force mapping NRMSE,0.003625598
/Users/kasperslagstad/Desktop/Masterproject/logs/phnn_Ur1/phnnSS2_Ur1_0211-132307,phnnSS2_Ur1_0211-132307,phnn,1.0,10.0,Disp rollout NRMSE,0.04481867
/Users/kasperslagstad/Desktop/Masterproject/logs/phnn_Ur1/phnnSS2_Ur1_0211-132307,phnnSS2_Ur1_0211-132307,phnn,1.0,10.0,Force rollout NRMSE,0.0479093
/Users/kasperslagstad/Desktop/Masterproject/logs/phnn_Ur1/phnnSS2_Ur1_0211-132307,phnnSS2_Ur1_0211-132307,phnn,1.0,10.0,Force mapping NRMSE,0.003195234
/Users/kasperslagstad/Desktop/Masterproject/logs/phnn_Ur1/phnnSS2_Ur1_0211-132307,phnnSS2_Ur1_0211-132307,phnn,1.0,11.0,Disp rollout NRMSE,0.05941438
/Users/kasperslagstad/Desktop/Masterproject/logs/phnn_Ur1/phnnSS2_Ur1_0211-132307,phnnSS2_Ur1_0211-132307,phnn,1.0,11.0,Force rollout NRMSE,0.06224389
/Users/kasperslagstad/Desktop/Masterproject/logs/phnn_Ur1/phnnSS2_Ur1_0211-132307,phnnSS2_Ur1_0211-132307,phnn,1.0,11.0,Force mapping NRMSE,0.002819652
/Users/kasperslagstad/Desktop/Masterproject/logs/phnn_Ur1/phnnSS2_Ur1_0211-132307,phnnSS2_Ur1_0211-132307,phnn,1.0,12.0,Disp rollout NRMSE,0.04697749
/Users/kasperslagstad/Desktop/Masterproject/logs/phnn_Ur1/phnnSS2_Ur1_0211-132307,phnnSS2_Ur1_0211-132307,phnn,1.0,12.0,Force rollout NRMSE,0.04919561
/Users/kasperslagstad/Desktop/Masterproject/logs/phnn_Ur1/phnnSS2_Ur1_0211-132307,phnnSS2_Ur1_0211-132307,phnn,1.0,12.0,Force mapping NRMSE,0.002772412
/Users/kasperslagstad/Desktop/Masterproject/logs/phnn_Ur1/phnnSS2_Ur2_0211-133506,phnnSS2_Ur2_0211-133506,phnn,2.0,1.0,Disp rollout NRMSE,1.477558
/Users/kasperslagstad/Desktop/Masterproject/logs/phnn_Ur1/phnnSS2_Ur2_0211-133506,phnnSS2_Ur2_0211-133506,phnn,2.0,1.0,Force rollout NRMSE,1.457999
/Users/kasperslagstad/Desktop/Masterproject/logs/phnn_Ur1/phnnSS2_Ur2_0211-133506,phnnSS2_Ur2_0211-133506,phnn,2.0,1.0,Force mapping NRMSE,0.1811177
/Users/kasperslagstad/Desktop/Masterproject/logs/phnn_Ur1/phnnSS2_Ur2_0211-133506,phnnSS2_Ur2_0211-133506,phnn,2.0,2.0,Disp rollout NRMSE,3.198956
/Users/kasperslagstad/Desktop/Masterproject/logs/phnn_Ur1/phnnSS2_Ur2_0211-133506,phnnSS2_Ur2_0211-133506,phnn,2.0,2.0,Force rollout NRMSE,3.523463
/Users/kasperslagstad/Desktop/Masterproject/logs/phnn_Ur1/phnnSS2_Ur2_0211-133506,phnnSS2_Ur2_0211-133506,phnn,2.0,2.0,Force mapping NRMSE,0.6581827
/Users/kasperslagstad/Desktop/Masterproject/logs/phnn_Ur1/phnnSS2_Ur2_0211-133506,phnnSS2_Ur2_0211-133506,phnn,2.0,3.0,Disp rollout NRMSE,0.1003653
/Users/kasperslagstad/Desktop/Masterproject/logs/phnn_Ur1/phnnSS2_Ur2_0211-133506,phnnSS2_Ur2_0211-133506,phnn,2.0,3.0,Force rollout NRMSE,0.100761
/Users/kasperslagstad/Desktop/Masterproject/logs/phnn_Ur1/phnnSS2_Ur2_0211-133506,phnnSS2_Ur2_0211-133506,phnn,2.0,3.0,Force mapping NRMSE,0.007088967
/Users/kasperslagstad/Desktop/Masterproject/logs/phnn_Ur1/phnnSS2_Ur2_0211-133506,phnnSS2_Ur2_0211-133506,phnn,2.0,4.0,Disp rollout NRMSE,0.04949595
/Users/kasperslagstad/Desktop/Masterproject/logs/phnn_Ur1/phnnSS2_Ur2_0211-133506,phnnSS2_Ur2_0211-133506,phnn,2.0,4.0,Force rollout NRMSE,0.05044852
/Users/kasperslagstad/Desktop/Masterproject/logs/phnn_Ur1/phnnSS2_Ur2_0211-133506,phnnSS2_Ur2_0211-133506,phnn,2.0,4.0,Force mapping NRMSE,0.006637667
/Users/kasperslagstad/Desktop/Masterproject/logs/phnn_Ur1/phnnSS2_Ur2_0211-133506,phnnSS2_Ur2_0211-133506,phnn,2.0,5.0,Disp rollout NRMSE,0.03343792
/Users/kasperslagstad/Desktop/Masterproject/logs/phnn_Ur1/phnnSS2_Ur2_0211-133506,phnnSS2_Ur2_0211-133506,phnn,2.0,5.0,Force rollout NRMSE,0.05257784
/Users/kasperslagstad/Desktop/Masterproject/logs/phnn_Ur1/phnnSS2_Ur2_0211-133506,phnnSS2_Ur2_0211-133506,phnn,2.0,5.0,Force mapping NRMSE,0.0320779
/Users/kasperslagstad/Desktop/Masterproject/logs/phnn_Ur1/phnnSS2_Ur2_0211-133506,phnnSS2_Ur2_0211-133506,phnn,2.0,6.0,Disp rollout NRMSE,0.0270754
/Users/kasperslagstad/Desktop/Masterproject/logs/phnn_Ur1/phnnSS2_Ur2_0211-133506,phnnSS2_Ur2_0211-133506,phnn,2.0,6.0,Force rollout NRMSE,0.04356723
/Users/kasperslagstad/Desktop/Masterproject/logs/phnn_Ur1/phnnSS2_Ur2_0211-133506,phnnSS2_Ur2_0211-133506,phnn,2.0,6.0,Force mapping NRMSE,0.01888033
/Users/kasperslagstad/Desktop/Masterproject/logs/phnn_Ur1/phnnSS2_Ur2_0211-133506,phnnSS2_Ur2_0211-133506,phnn,2.0,7.0,Disp rollout NRMSE,0.02543641
/Users/kasperslagstad/Desktop/Masterproject/logs/phnn_Ur1/phnnSS2_Ur2_0211-133506,phnnSS2_Ur2_0211-133506,phnn,2.0,7.0,Force rollout NRMSE,0.0315921
/Users/kasperslagstad/Desktop/Masterproject/logs/phnn_Ur1/phnnSS2_Ur2_0211-133506,phnnSS2_Ur2_0211-133506,phnn,2.0,7.0,Force mapping NRMSE,0.00859476
/Users/kasperslagstad/Desktop/Masterproject/logs/phnn_Ur1/phnnSS2_Ur2_0211-133506,phnnSS2_Ur2_0211-133506,phnn,2.0,8.0,Disp rollout NRMSE,0.03092356
/Users/kasperslagstad/Desktop/Masterproject/logs/phnn_Ur1/phnnSS2_Ur2_0211-133506,phnnSS2_Ur2_0211-133506,phnn,2.0,8.0,Force rollout NRMSE,0.03491182
/Users/kasperslagstad/Desktop/Masterproject/logs/phnn_Ur1/phnnSS2_Ur2_0211-133506,phnnSS2_Ur2_0211-133506,phnn,2.0,8.0,Force mapping NRMSE,0.006020649
/Users/kasperslagstad/Desktop/Masterproject/logs/phnn_Ur1/phnnSS2_Ur2_0211-133506,phnnSS2_Ur2_0211-133506,phnn,2.0,9.0,Disp rollout NRMSE,0.03620336
/Users/kasperslagstad/Desktop/Masterproject/logs/phnn_Ur1/phnnSS2_Ur2_0211-133506,phnnSS2_Ur2_0211-133506,phnn,2.0,9.0,Force rollout NRMSE,0.03947563
/Users/kasperslagstad/Desktop/Masterproject/logs/phnn_Ur1/phnnSS2_Ur2_0211-133506,phnnSS2_Ur2_0211-133506,phnn,2.0,9.0,Force mapping NRMSE,0.004538141
/Users/kasperslagstad/Desktop/Masterproject/logs/phnn_Ur1/phnnSS2_Ur2_0211-133506,phnnSS2_Ur2_0211-133506,phnn,2.0,10.0,Disp rollout NRMSE,0.01753835
/Users/kasperslagstad/Desktop/Masterproject/logs/phnn_Ur1/phnnSS2_Ur2_0211-133506,phnnSS2_Ur2_0211-133506,phnn,2.0,10.0,Force rollout NRMSE,0.01785139
/Users/kasperslagstad/Desktop/Masterproject/logs/phnn_Ur1/phnnSS2_Ur2_0211-133506,phnnSS2_Ur2_0211-133506,phnn,2.0,10.0,Force mapping NRMSE,0.003923091
/Users/kasperslagstad/Desktop/Masterproject/logs/phnn_Ur1/phnnSS2_Ur2_0211-133506,phnnSS2_Ur2_0211-133506,phnn,2.0,11.0,Disp rollout NRMSE,0.02486661
/Users/kasperslagstad/Desktop/Masterproject/logs/phnn_Ur1/phnnSS2_Ur2_0211-133506,phnnSS2_Ur2_0211-133506,phnn,2.0,11.0,Force rollout NRMSE,0.02413219
/Users/kasperslagstad/Desktop/Masterproject/logs/phnn_Ur1/phnnSS2_Ur2_0211-133506,phnnSS2_Ur2_0211-133506,phnn,2.0,11.0,Force mapping NRMSE,0.003874554
/Users/kasperslagstad/Desktop/Masterproject/logs/phnn_Ur1/phnnSS2_Ur2_0211-133506,phnnSS2_Ur2_0211-133506,phnn,2.0,12.0,Disp rollout NRMSE,0.0328677
/Users/kasperslagstad/Desktop/Masterproject/logs/phnn_Ur1/phnnSS2_Ur2_0211-133506,phnnSS2_Ur2_0211-133506,phnn,2.0,12.0,Force rollout NRMSE,0.03418509
/Users/kasperslagstad/Desktop/Masterproject/logs/phnn_Ur1/phnnSS2_Ur2_0211-133506,phnnSS2_Ur2_0211-133506,phnn,2.0,12.0,Force mapping NRMSE,0.003750841
/Users/kasperslagstad/Desktop/Masterproject/logs/phnn_Ur1/phnnSS2_Ur3_0211-133512,phnnSS2_Ur3_0211-133512,phnn,3.0,1.0,Disp rollout NRMSE,1.453244
/Users/kasperslagstad/Desktop/Masterproject/logs/phnn_Ur1/phnnSS2_Ur3_0211-133512,phnnSS2_Ur3_0211-133512,phnn,3.0,1.0,Force rollout NRMSE,1.428306
/Users/kasperslagstad/Desktop/Masterproject/logs/phnn_Ur1/phnnSS2_Ur3_0211-133512,phnnSS2_Ur3_0211-133512,phnn,3.0,1.0,Force mapping NRMSE,0.1807471
/Users/kasperslagstad/Desktop/Masterproject/logs/phnn_Ur1/phnnSS2_Ur3_0211-133512,phnnSS2_Ur3_0211-133512,phnn,3.0,2.0,Disp rollout NRMSE,0.1316007
/Users/kasperslagstad/Desktop/Masterproject/logs/phnn_Ur1/phnnSS2_Ur3_0211-133512,phnnSS2_Ur3_0211-133512,phnn,3.0,2.0,Force rollout NRMSE,0.1318881
/Users/kasperslagstad/Desktop/Masterproject/logs/phnn_Ur1/phnnSS2_Ur3_0211-133512,phnnSS2_Ur3_0211-133512,phnn,3.0,2.0,Force mapping NRMSE,0.005174164
/Users/kasperslagstad/Desktop/Masterproject/logs/phnn_Ur1/phnnSS2_Ur3_0211-133512,phnnSS2_Ur3_0211-133512,phnn,3.0,3.0,Disp rollout NRMSE,1.688555
/Users/kasperslagstad/Desktop/Masterproject/logs/phnn_Ur1/phnnSS2_Ur3_0211-133512,phnnSS2_Ur3_0211-133512,phnn,3.0,3.0,Force rollout NRMSE,1.639946
/Users/kasperslagstad/Desktop/Masterproject/logs/phnn_Ur1/phnnSS2_Ur3_0211-133512,phnnSS2_Ur3_0211-133512,phnn,3.0,3.0,Force mapping NRMSE,0.2317089
/Users/kasperslagstad/Desktop/Masterproject/logs/phnn_Ur1/phnnSS2_Ur3_0211-133512,phnnSS2_Ur3_0211-133512,phnn,3.0,4.0,Disp rollout NRMSE,0.02973338
/Users/kasperslagstad/Desktop/Masterproject/logs/phnn_Ur1/phnnSS2_Ur3_0211-133512,phnnSS2_Ur3_0211-133512,phnn,3.0,4.0,Force rollout NRMSE,0.03038675
/Users/kasperslagstad/Desktop/Masterproject/logs/phnn_Ur1/phnnSS2_Ur3_0211-133512,phnnSS2_Ur3_0211-133512,phnn,3.0,4.0,Force mapping NRMSE,0.002825203
/Users/kasperslagstad/Desktop/Masterproject/logs/phnn_Ur1/phnnSS2_Ur3_0211-133512,phnnSS2_Ur3_0211-133512,phnn,3.0,5.0,Disp rollout NRMSE,0.0300436
/Users/kasperslagstad/Desktop/Masterproject/logs/phnn_Ur1/phnnSS2_Ur3_0211-133512,phnnSS2_Ur3_0211-133512,phnn,3.0,5.0,Force rollout NRMSE,0.04652209
/Users/kasperslagstad/Desktop/Masterproject/logs/phnn_Ur1/phnnSS2_Ur3_0211-133512,phnnSS2_Ur3_0211-133512,phnn,3.0,5.0,Force mapping NRMSE,0.02871732
/Users/kasperslagstad/Desktop/Masterproject/logs/phnn_Ur1/phnnSS2_Ur3_0211-133512,phnnSS2_Ur3_0211-133512,phnn,3.0,6.0,Disp rollout NRMSE,0.02381189
/Users/kasperslagstad/Desktop/Masterproject/logs/phnn_Ur1/phnnSS2_Ur3_0211-133512,phnnSS2_Ur3_0211-133512,phnn,3.0,6.0,Force rollout NRMSE,0.03811879
/Users/kasperslagstad/Desktop/Masterproject/logs/phnn_Ur1/phnnSS2_Ur3_0211-133512,phnnSS2_Ur3_0211-133512,phnn,3.0,6.0,Force mapping NRMSE,0.01650281
/Users/kasperslagstad/Desktop/Masterproject/logs/phnn_Ur1/phnnSS2_Ur3_0211-133512,phnnSS2_Ur3_0211-133512,phnn,3.0,7.0,Disp rollout NRMSE,0.02276699
/Users/kasperslagstad/Desktop/Masterproject/logs/phnn_Ur1/phnnSS2_Ur3_0211-133512,phnnSS2_Ur3_0211-133512,phnn,3.0,7.0,Force rollout NRMSE,0.02808927
/Users/kasperslagstad/Desktop/Masterproject/logs/phnn_Ur1/phnnSS2_Ur3_0211-133512,phnnSS2_Ur3_0211-133512,phnn,3.0,7.0,Force mapping NRMSE,0.006293933
/Users/kasperslagstad/Desktop/Masterproject/logs/phnn_Ur1/phnnSS2_Ur3_0211-133512,phnnSS2_Ur3_0211-133512,phnn,3.0,8.0,Disp rollout NRMSE,0.027262
/Users/kasperslagstad/Desktop/Masterproject/logs/phnn_Ur1/phnnSS2_Ur3_0211-133512,phnnSS2_Ur3_0211-133512,phnn,3.0,8.0,Force rollout NRMSE,0.03087538
/Users/kasperslagstad/Desktop/Masterproject/logs/phnn_Ur1/phnnSS2_Ur3_0211-133512,phnnSS2_Ur3_0211-133512,phnn,3.0,8.0,Force mapping NRMSE,0.003724319
/Users/kasperslagstad/Desktop/Masterproject/logs/phnn_Ur1/phnnSS2_Ur3_0211-133512,phnnSS2_Ur3_0211-133512,phnn,3.0,9.0,Disp rollout NRMSE,0.03017669
/Users/kasperslagstad/Desktop/Masterproject/logs/phnn_Ur1/phnnSS2_Ur3_0211-133512,phnnSS2_Ur3_0211-133512,phnn,3.0,9.0,Force rollout NRMSE,0.033019
/Users/kasperslagstad/Desktop/Masterproject/logs/phnn_Ur1/phnnSS2_Ur3_0211-133512,phnnSS2_Ur3_0211-133512,phnn,3.0,9.0,Force mapping NRMSE,0.002964184
/Users/kasperslagstad/Desktop/Masterproject/logs/phnn_Ur1/phnnSS2_Ur3_0211-133512,phnnSS2_Ur3_0211-133512,phnn,3.0,10.0,Disp rollout NRMSE,0.03400068
/Users/kasperslagstad/Desktop/Masterproject/logs/phnn_Ur1/phnnSS2_Ur3_0211-133512,phnnSS2_Ur3_0211-133512,phnn,3.0,10.0,Force rollout NRMSE,0.03651473
/Users/kasperslagstad/Desktop/Masterproject/logs/phnn_Ur1/phnnSS2_Ur3_0211-133512,phnnSS2_Ur3_0211-133512,phnn,3.0,10.0,Force mapping NRMSE,0.002632945
/Users/kasperslagstad/Desktop/Masterproject/logs/phnn_Ur1/phnnSS2_Ur3_0211-133512,phnnSS2_Ur3_0211-133512,phnn,3.0,11.0,Disp rollout NRMSE,0.04535694
/Users/kasperslagstad/Desktop/Masterproject/logs/phnn_Ur1/phnnSS2_Ur3_0211-133512,phnnSS2_Ur3_0211-133512,phnn,3.0,11.0,Force rollout NRMSE,0.0475909
/Users/kasperslagstad/Desktop/Masterproject/logs/phnn_Ur1/phnnSS2_Ur3_0211-133512,phnnSS2_Ur3_0211-133512,phnn,3.0,11.0,Force mapping NRMSE,0.002360151
/Users/kasperslagstad/Desktop/Masterproject/logs/phnn_Ur1/phnnSS2_Ur3_0211-133512,phnnSS2_Ur3_0211-133512,phnn,3.0,12.0,Disp rollout NRMSE,0.03656881
/Users/kasperslagstad/Desktop/Masterproject/logs/phnn_Ur1/phnnSS2_Ur3_0211-133512,phnnSS2_Ur3_0211-133512,phnn,3.0,12.0,Force rollout NRMSE,0.03843455
/Users/kasperslagstad/Desktop/Masterproject/logs/phnn_Ur1/phnnSS2_Ur3_0211-133512,phnnSS2_Ur3_0211-133512,phnn,3.0,12.0,Force mapping NRMSE,0.002246319
/Users/kasperslagstad/Desktop/Masterproject/logs/phnn_Ur1/phnnSS2_Ur4_0211-133518,phnnSS2_Ur4_0211-133518,phnn,4.0,1.0,Disp rollout NRMSE,1.472473
/Users/kasperslagstad/Desktop/Masterproject/logs/phnn_Ur1/phnnSS2_Ur4_0211-133518,phnnSS2_Ur4_0211-133518,phnn,4.0,1.0,Force rollout NRMSE,1.463837
/Users/kasperslagstad/Desktop/Masterproject/logs/phnn_Ur1/phnnSS2_Ur4_0211-133518,phnnSS2_Ur4_0211-133518,phnn,4.0,1.0,Force mapping NRMSE,0.1851721
/Users/kasperslagstad/Desktop/Masterproject/logs/phnn_Ur1/phnnSS2_Ur4_0211-133518,phnnSS2_Ur4_0211-133518,phnn,4.0,2.0,Disp rollout NRMSE,0.0672894
/Users/kasperslagstad/Desktop/Masterproject/logs/phnn_Ur1/phnnSS2_Ur4_0211-133518,phnnSS2_Ur4_0211-133518,phnn,4.0,2.0,Force rollout NRMSE,0.06919733
/Users/kasperslagstad/Desktop/Masterproject/logs/phnn_Ur1/phnnSS2_Ur4_0211-133518,phnnSS2_Ur4_0211-133518,phnn,4.0,2.0,Force mapping NRMSE,0.01089827
/Users/kasperslagstad/Desktop/Masterproject/logs/phnn_Ur1/phnnSS2_Ur4_0211-133518,phnnSS2_Ur4_0211-133518,phnn,4.0,3.0,Disp rollout NRMSE,0.04535981
/Users/kasperslagstad/Desktop/Masterproject/logs/phnn_Ur1/phnnSS2_Ur4_0211-133518,phnnSS2_Ur4_0211-133518,phnn,4.0,3.0,Force rollout NRMSE,0.04533546
/Users/kasperslagstad/Desktop/Masterproject/logs/phnn_Ur1/phnnSS2_Ur4_0211-133518,phnnSS2_Ur4_0211-133518,phnn,4.0,3.0,Force mapping NRMSE,0.003872018
/Users/kasperslagstad/Desktop/Masterproject/logs/phnn_Ur1/phnnSS2_Ur4_0211-133518,phnnSS2_Ur4_0211-133518,phnn,4.0,4.0,Disp rollout NRMSE,1.348596
/Users/kasperslagstad/Desktop/Masterproject/logs/phnn_Ur1/phnnSS2_Ur4_0211-133518,phnnSS2_Ur4_0211-133518,phnn,4.0,4.0,Force rollout NRMSE,1.244963
/Users/kasperslagstad/Desktop/Masterproject/logs/phnn_Ur1/phnnSS2_Ur4_0211-133518,phnnSS2_Ur4_0211-133518,phnn,4.0,4.0,Force mapping NRMSE,0.1648627
/Users/kasperslagstad/Desktop/Masterproject/logs/phnn_Ur1/phnnSS2_Ur4_0211-133518,phnnSS2_Ur4_0211-133518,phnn,4.0,5.0,Disp rollout NRMSE,0.02998762
/Users/kasperslagstad/Desktop/Masterproject/logs/phnn_Ur1/phnnSS2_Ur4_0211-133518,phnnSS2_Ur4_0211-133518,phnn,4.0,5.0,Force rollout NRMSE,0.04700147
/Users/kasperslagstad/Desktop/Masterproject/logs/phnn_Ur1/phnnSS2_Ur4_0211-133518,phnnSS2_Ur4_0211-133518,phnn,4.0,5.0,Force mapping NRMSE,0.02641976
/Users/kasperslagstad/Desktop/Masterproject/logs/phnn_Ur1/phnnSS2_Ur4_0211-133518,phnnSS2_Ur4_0211-133518,phnn,4.0,6.0,Disp rollout NRMSE,0.02830753
/Users/kasperslagstad/Desktop/Masterproject/logs/phnn_Ur1/phnnSS2_Ur4_0211-133518,phnnSS2_Ur4_0211-133518,phnn,4.0,6.0,Force rollout NRMSE,0.04537207
/Users/kasperslagstad/Desktop/Masterproject/logs/phnn_Ur1/phnnSS2_Ur4_0211-133518,phnnSS2_Ur4_0211-133518,phnn,4.0,6.0,Force mapping NRMSE,0.0147678
/Users/kasperslagstad/Desktop/Masterproject/logs/phnn_Ur1/phnnSS2_Ur4_0211-133518,phnnSS2_Ur4_0211-133518,phnn,4.0,7.0,Disp rollout NRMSE,0.02355457
/Users/kasperslagstad/Desktop/Masterproject/logs/phnn_Ur1/phnnSS2_Ur4_0211-133518,phnnSS2_Ur4_0211-133518,phnn,4.0,7.0,Force rollout NRMSE,0.02896046
/Users/kasperslagstad/Desktop/Masterproject/logs/phnn_Ur1/phnnSS2_Ur4_0211-133518,phnnSS2_Ur4_0211-133518,phnn,4.0,7.0,Force mapping NRMSE,0.006848641
/Users/kasperslagstad/Desktop/Masterproject/logs/phnn_Ur1/phnnSS2_Ur4_0211-133518,phnnSS2_Ur4_0211-133518,phnn,4.0,8.0,Disp rollout NRMSE,0.03187195
/Users/kasperslagstad/Desktop/Masterproject/logs/phnn_Ur1/phnnSS2_Ur4_0211-133518,phnnSS2_Ur4_0211-133518,phnn,4.0,8.0,Force rollout NRMSE,0.03567992
/Users/kasperslagstad/Desktop/Masterproject/logs/phnn_Ur1/phnnSS2_Ur4_0211-133518,phnnSS2_Ur4_0211-133518,phnn,4.0,8.0,Force mapping NRMSE,0.004136777
/Users/kasperslagstad/Desktop/Masterproject/logs/phnn_Ur1/phnnSS2_Ur4_0211-133518,phnnSS2_Ur4_0211-133518,phnn,4.0,9.0,Disp rollout NRMSE,0.0485756
/Users/kasperslagstad/Desktop/Masterproject/logs/phnn_Ur1/phnnSS2_Ur4_0211-133518,phnnSS2_Ur4_0211-133518,phnn,4.0,9.0,Force rollout NRMSE,0.05266657
/Users/kasperslagstad/Desktop/Masterproject/logs/phnn_Ur1/phnnSS2_Ur4_0211-133518,phnnSS2_Ur4_0211-133518,phnn,4.0,9.0,Force mapping NRMSE,0.003876293
/Users/kasperslagstad/Desktop/Masterproject/logs/phnn_Ur1/phnnSS2_Ur4_0211-133518,phnnSS2_Ur4_0211-133518,phnn,4.0,10.0,Disp rollout NRMSE,0.04545546
/Users/kasperslagstad/Desktop/Masterproject/logs/phnn_Ur1/phnnSS2_Ur4_0211-133518,phnnSS2_Ur4_0211-133518,phnn,4.0,10.0,Force rollout NRMSE,0.04858017
/Users/kasperslagstad/Desktop/Masterproject/logs/phnn_Ur1/phnnSS2_Ur4_0211-133518,phnnSS2_Ur4_0211-133518,phnn,4.0,10.0,Force mapping NRMSE,0.003560981
/Users/kasperslagstad/Desktop/Masterproject/logs/phnn_Ur1/phnnSS2_Ur4_0211-133518,phnnSS2_Ur4_0211-133518,phnn,4.0,11.0,Disp rollout NRMSE,0.05055379
/Users/kasperslagstad/Desktop/Masterproject/logs/phnn_Ur1/phnnSS2_Ur4_0211-133518,phnnSS2_Ur4_0211-133518,phnn,4.0,11.0,Force rollout NRMSE,0.05299157
/Users/kasperslagstad/Desktop/Masterproject/logs/phnn_Ur1/phnnSS2_Ur4_0211-133518,phnnSS2_Ur4_0211-133518,phnn,4.0,11.0,Force mapping NRMSE,0.003174555
/Users/kasperslagstad/Desktop/Masterproject/logs/phnn_Ur1/phnnSS2_Ur4_0211-133518,phnnSS2_Ur4_0211-133518,phnn,4.0,12.0,Disp rollout NRMSE,0.0746499
/Users/kasperslagstad/Desktop/Masterproject/logs/phnn_Ur1/phnnSS2_Ur4_0211-133518,phnnSS2_Ur4_0211-133518,phnn,4.0,12.0,Force rollout NRMSE,0.07757306
/Users/kasperslagstad/Desktop/Masterproject/logs/phnn_Ur1/phnnSS2_Ur4_0211-133518,phnnSS2_Ur4_0211-133518,phnn,4.0,12.0,Force mapping NRMSE,0.003119242
/Users/kasperslagstad/Desktop/Masterproject/logs/phnn_Ur1/phnnSS2_Ur5_0211-133518,phnnSS2_Ur5_0211-133518,phnn,5.0,1.0,Disp rollout NRMSE,1.438015
/Users/kasperslagstad/Desktop/Masterproject/logs/phnn_Ur1/phnnSS2_Ur5_0211-133518,phnnSS2_Ur5_0211-133518,phnn,5.0,1.0,Force rollout NRMSE,1.423331
/Users/kasperslagstad/Desktop/Masterproject/logs/phnn_Ur1/phnnSS2_Ur5_0211-133518,phnnSS2_Ur5_0211-133518,phnn,5.0,1.0,Force mapping NRMSE,0.1809323
/Users/kasperslagstad/Desktop/Masterproject/logs/phnn_Ur1/phnnSS2_Ur5_0211-133518,phnnSS2_Ur5_0211-133518,phnn,5.0,2.0,Disp rollout NRMSE,0.2184857
/Users/kasperslagstad/Desktop/Masterproject/logs/phnn_Ur1/phnnSS2_Ur5_0211-133518,phnnSS2_Ur5_0211-133518,phnn,5.0,2.0,Force rollout NRMSE,0.2185708
/Users/kasperslagstad/Desktop/Masterproject/logs/phnn_Ur1/phnnSS2_Ur5_0211-133518,phnnSS2_Ur5_0211-133518,phnn,5.0,2.0,Force mapping NRMSE,0.006724401
/Users/kasperslagstad/Desktop/Masterproject/logs/phnn_Ur1/phnnSS2_Ur5_0211-133518,phnnSS2_Ur5_0211-133518,phnn,5.0,3.0,Disp rollout NRMSE,0.08129083
/Users/kasperslagstad/Desktop/Masterproject/logs/phnn_Ur1/phnnSS2_Ur5_0211-133518,phnnSS2_Ur5_0211-133518,phnn,5.0,3.0,Force rollout NRMSE,0.08160104
/Users/kasperslagstad/Desktop/Masterproject/logs/phnn_Ur1/phnnSS2_Ur5_0211-133518,phnnSS2_Ur5_0211-133518,phnn,5.0,3.0,Force mapping NRMSE,0.00448774
/Users/kasperslagstad/Desktop/Masterproject/logs/phnn_Ur1/phnnSS2_Ur5_0211-133518,phnnSS2_Ur5_0211-133518,phnn,5.0,4.0,Disp rollout NRMSE,0.06286002
/Users/kasperslagstad/Desktop/Masterproject/logs/phnn_Ur1/phnnSS2_Ur5_0211-133518,phnnSS2_Ur5_0211-133518,phnn,5.0,4.0,Force rollout NRMSE,0.06367047
/Users/kasperslagstad/Desktop/Masterproject/logs/phnn_Ur1/phnnSS2_Ur5_0211-133518,phnnSS2_Ur5_0211-133518,phnn,5.0,4.0,Force mapping NRMSE,0.005603036
/Users/kasperslagstad/Desktop/Masterproject/logs/phnn_Ur1/phnnSS2_Ur5_0211-133518,phnnSS2_Ur5_0211-133518,phnn,5.0,5.0,Disp rollout NRMSE,0.2926477
/Users/kasperslagstad/Desktop/Masterproject/logs/phnn_Ur1/phnnSS2_Ur5_0211-133518,phnnSS2_Ur5_0211-133518,phnn,5.0,5.0,Force rollout NRMSE,0.4996376
/Users/kasperslagstad/Desktop/Masterproject/logs/phnn_Ur1/phnnSS2_Ur5_0211-133518,phnnSS2_Ur5_0211-133518,phnn,5.0,5.0,Force mapping NRMSE,0.2930138
/Users/kasperslagstad/Desktop/Masterproject/logs/phnn_Ur1/phnnSS2_Ur5_0211-133518,phnnSS2_Ur5_0211-133518,phnn,5.0,6.0,Disp rollout NRMSE,0.03441927
/Users/kasperslagstad/Desktop/Masterproject/logs/phnn_Ur1/phnnSS2_Ur5_0211-133518,phnnSS2_Ur5_0211-133518,phnn,5.0,6.0,Force rollout NRMSE,0.05401191
/Users/kasperslagstad/Desktop/Masterproject/logs/phnn_Ur1/phnnSS2_Ur5_0211-133518,phnnSS2_Ur5_0211-133518,phnn,5.0,6.0,Force mapping NRMSE,0.02084835
/Users/kasperslagstad/Desktop/Masterproject/logs/phnn_Ur1/phnnSS2_Ur5_0211-133518,phnnSS2_Ur5_0211-133518,phnn,5.0,7.0,Disp rollout NRMSE,0.03946843
/Users/kasperslagstad/Desktop/Masterproject/logs/phnn_Ur1/phnnSS2_Ur5_0211-133518,phnnSS2_Ur5_0211-133518,phnn,5.0,7.0,Force rollout NRMSE,0.04821066
/Users/kasperslagstad/Desktop/Masterproject/logs/phnn_Ur1/phnnSS2_Ur5_0211-133518,phnnSS2_Ur5_0211-133518,phnn,5.0,7.0,Force mapping NRMSE,0.008944495
/Users/kasperslagstad/Desktop/Masterproject/logs/phnn_Ur1/phnnSS2_Ur5_0211-133518,phnnSS2_Ur5_0211-133518,phnn,5.0,8.0,Disp rollout NRMSE,0.05119166
/Users/kasperslagstad/Desktop/Masterproject/logs/phnn_Ur1/phnnSS2_Ur5_0211-133518,phnnSS2_Ur5_0211-133518,phnn,5.0,8.0,Force rollout NRMSE,0.05723517
/Users/kasperslagstad/Desktop/Masterproject/logs/phnn_Ur1/phnnSS2_Ur5_0211-133518,phnnSS2_Ur5_0211-133518,phnn,5.0,8.0,Force mapping NRMSE,0.005993428
/Users/kasperslagstad/Desktop/Masterproject/logs/phnn_Ur1/phnnSS2_Ur5_0211-133518,phnnSS2_Ur5_0211-133518,phnn,5.0,9.0,Disp rollout NRMSE,0.06561784
/Users/kasperslagstad/Desktop/Masterproject/logs/phnn_Ur1/phnnSS2_Ur5_0211-133518,phnnSS2_Ur5_0211-133518,phnn,5.0,9.0,Force rollout NRMSE,0.07112291
/Users/kasperslagstad/Desktop/Masterproject/logs/phnn_Ur1/phnnSS2_Ur5_0211-133518,phnnSS2_Ur5_0211-133518,phnn,5.0,9.0,Force mapping NRMSE,0.004874661
/Users/kasperslagstad/Desktop/Masterproject/logs/phnn_Ur1/phnnSS2_Ur5_0211-133518,phnnSS2_Ur5_0211-133518,phnn,5.0,10.0,Disp rollout NRMSE,0.09470283
/Users/kasperslagstad/Desktop/Masterproject/logs/phnn_Ur1/phnnSS2_Ur5_0211-133518,phnnSS2_Ur5_0211-133518,phnn,5.0,10.0,Force rollout NRMSE,0.1010447
/Users/kasperslagstad/Desktop/Masterproject/logs/phnn_Ur1/phnnSS2_Ur5_0211-133518,phnnSS2_Ur5_0211-133518,phnn,5.0,10.0,Force mapping NRMSE,0.004254283
/Users/kasperslagstad/Desktop/Masterproject/logs/phnn_Ur1/phnnSS2_Ur5_0211-133518,phnnSS2_Ur5_0211-133518,phnn,5.0,11.0,Disp rollout NRMSE,0.1561957
/Users/kasperslagstad/Desktop/Masterproject/logs/phnn_Ur1/phnnSS2_Ur5_0211-133518,phnnSS2_Ur5_0211-133518,phnn,5.0,11.0,Force rollout NRMSE,0.1629816
/Users/kasperslagstad/Desktop/Masterproject/logs/phnn_Ur1/phnnSS2_Ur5_0211-133518,phnnSS2_Ur5_0211-133518,phnn,5.0,11.0,Force mapping NRMSE,0.003987301
/Users/kasperslagstad/Desktop/Masterproject/logs/phnn_Ur1/phnnSS2_Ur5_0211-133518,phnnSS2_Ur5_0211-133518,phnn,5.0,12.0,Disp rollout NRMSE,0.1208906
/Users/kasperslagstad/Desktop/Masterproject/logs/phnn_Ur1/phnnSS2_Ur5_0211-133518,phnnSS2_Ur5_0211-133518,phnn,5.0,12.0,Force rollout NRMSE,0.1258428
/Users/kasperslagstad/Desktop/Masterproject/logs/phnn_Ur1/phnnSS2_Ur5_0211-133518,phnnSS2_Ur5_0211-133518,phnn,5.0,12.0,Force mapping NRMSE,0.003708276
/Users/kasperslagstad/Desktop/Masterproject/logs/phnn_Ur1/phnnSS2_Ur6_0211-133518,phnnSS2_Ur6_0211-133518,phnn,6.0,1.0,Disp rollout NRMSE,1.427062
/Users/kasperslagstad/Desktop/Masterproject/logs/phnn_Ur1/phnnSS2_Ur6_0211-133518,phnnSS2_Ur6_0211-133518,phnn,6.0,1.0,Force rollout NRMSE,1.417142
/Users/kasperslagstad/Desktop/Masterproject/logs/phnn_Ur1/phnnSS2_Ur6_0211-133518,phnnSS2_Ur6_0211-133518,phnn,6.0,1.0,Force mapping NRMSE,0.1834212
/Users/kasperslagstad/Desktop/Masterproject/logs/phnn_Ur1/phnnSS2_Ur6_0211-133518,phnnSS2_Ur6_0211-133518,phnn,6.0,2.0,Disp rollout NRMSE,0.1035623
/Users/kasperslagstad/Desktop/Masterproject/logs/phnn_Ur1/phnnSS2_Ur6_0211-133518,phnnSS2_Ur6_0211-133518,phnn,6.0,2.0,Force rollout NRMSE,0.106314
/Users/kasperslagstad/Desktop/Masterproject/logs/phnn_Ur1/phnnSS2_Ur6_0211-133518,phnnSS2_Ur6_0211-133518,phnn,6.0,2.0,Force mapping NRMSE,0.008551727
/Users/kasperslagstad/Desktop/Masterproject/logs/phnn_Ur1/phnnSS2_Ur6_0211-133518,phnnSS2_Ur6_0211-133518,phnn,6.0,3.0,Disp rollout NRMSE,0.06247172
/Users/kasperslagstad/Desktop/Masterproject/logs/phnn_Ur1/phnnSS2_Ur6_0211-133518,phnnSS2_Ur6_0211-133518,phnn,6.0,3.0,Force rollout NRMSE,0.06277582
/Users/kasperslagstad/Desktop/Masterproject/logs/phnn_Ur1/phnnSS2_Ur6_0211-133518,phnnSS2_Ur6_0211-133518,phnn,6.0,3.0,Force mapping NRMSE,0.00408947
/Users/kasperslagstad/Desktop/Masterproject/logs/phnn_Ur1/phnnSS2_Ur6_0211-133518,phnnSS2_Ur6_0211-133518,phnn,6.0,4.0,Disp rollout NRMSE,0.05965468
/Users/kasperslagstad/Desktop/Masterproject/logs/phnn_Ur1/phnnSS2_Ur6_0211-133518,phnnSS2_Ur6_0211-133518,phnn,6.0,4.0,Force rollout NRMSE,0.0607045
/Users/kasperslagstad/Desktop/Masterproject/logs/phnn_Ur1/phnnSS2_Ur6_0211-133518,phnnSS2_Ur6_0211-133518,phnn,6.0,4.0,Force mapping NRMSE,0.006527388
/Users/kasperslagstad/Desktop/Masterproject/logs/phnn_Ur1/phnnSS2_Ur6_0211-133518,phnnSS2_Ur6_0211-133518,phnn,6.0,5.0,Disp rollout NRMSE,0.02284153
/Users/kasperslagstad/Desktop/Masterproject/logs/phnn_Ur1/phnnSS2_Ur6_0211-133518,phnnSS2_Ur6_0211-133518,phnn,6.0,5.0,Force rollout NRMSE,0.04397345
/Users/kasperslagstad/Desktop/Masterproject/logs/phnn_Ur1/phnnSS2_Ur6_0211-133518,phnnSS2_Ur6_0211-133518,phnn,6.0,5.0,Force mapping NRMSE,0.02916793
/Users/kasperslagstad/Desktop/Masterproject/logs/phnn_Ur1/phnnSS2_Ur6_0211-133518,phnnSS2_Ur6_0211-133518,phnn,6.0,6.0,Disp rollout NRMSE,0.1144629
/Users/kasperslagstad/Desktop/Masterproject/logs/phnn_Ur1/phnnSS2_Ur6_0211-133518,phnnSS2_Ur6_0211-133518,phnn,6.0,6.0,Force rollout NRMSE,0.1797789
/Users/kasperslagstad/Desktop/Masterproject/logs/phnn_Ur1/phnnSS2_Ur6_0211-133518,phnnSS2_Ur6_0211-133518,phnn,6.0,6.0,Force mapping NRMSE,0.08553164
/Users/kasperslagstad/Desktop/Masterproject/logs/phnn_Ur1/phnnSS2_Ur6_0211-133518,phnnSS2_Ur6_0211-133518,phnn,6.0,7.0,Disp rollout NRMSE,0.01042005
/Users/kasperslagstad/Desktop/Masterproject/logs/phnn_Ur1/phnnSS2_Ur6_0211-133518,phnnSS2_Ur6_0211-133518,phnn,6.0,7.0,Force rollout NRMSE,0.01300864
/Users/kasperslagstad/Desktop/Masterproject/logs/phnn_Ur1/phnnSS2_Ur6_0211-133518,phnnSS2_Ur6_0211-133518,phnn,6.0,7.0,Force mapping NRMSE,0.007888802
/Users/kasperslagstad/Desktop/Masterproject/logs/phnn_Ur1/phnnSS2_Ur6_0211-133518,phnnSS2_Ur6_0211-133518,phnn,6.0,8.0,Disp rollout NRMSE,0.01519322
/Users/kasperslagstad/Desktop/Masterproject/logs/phnn_Ur1/phnnSS2_Ur6_0211-133518,phnnSS2_Ur6_0211-133518,phnn,6.0,8.0,Force rollout NRMSE,0.01576814
/Users/kasperslagstad/Desktop/Masterproject/logs/phnn_Ur1/phnnSS2_Ur6_0211-133518,phnnSS2_Ur6_0211-133518,phnn,6.0,8.0,Force mapping NRMSE,0.005721452
/Users/kasperslagstad/Desktop/Masterproject/logs/phnn_Ur1/phnnSS2_Ur6_0211-133518,phnnSS2_Ur6_0211-133518,phnn,6.0,9.0,Disp rollout NRMSE,0.0218161
/Users/kasperslagstad/Desktop/Masterproject/logs/phnn_Ur1/phnnSS2_Ur6_0211-133518,phnnSS2_Ur6_0211-133518,phnn,6.0,9.0,Force rollout NRMSE,0.02124967
/Users/kasperslagstad/Desktop/Masterproject/logs/phnn_Ur1/phnnSS2_Ur6_0211-133518,phnnSS2_Ur6_0211-133518,phnn,6.0,9.0,Force mapping NRMSE,0.004113176
/Users/kasperslagstad/Desktop/Masterproject/logs/phnn_Ur1/phnnSS2_Ur6_0211-133518,phnnSS2_Ur6_0211-133518,phnn,6.0,10.0,Disp rollout NRMSE,0.01732804
/Users/kasperslagstad/Desktop/Masterproject/logs/phnn_Ur1/phnnSS2_Ur6_0211-133518,phnnSS2_Ur6_0211-133518,phnn,6.0,10.0,Force rollout NRMSE,0.01667642
/Users/kasperslagstad/Desktop/Masterproject/logs/phnn_Ur1/phnnSS2_Ur6_0211-133518,phnnSS2_Ur6_0211-133518,phnn,6.0,10.0,Force mapping NRMSE,0.003959204
/Users/kasperslagstad/Desktop/Masterproject/logs/phnn_Ur1/phnnSS2_Ur6_0211-133518,phnnSS2_Ur6_0211-133518,phnn,6.0,11.0,Disp rollout NRMSE,0.01951463
/Users/kasperslagstad/Desktop/Masterproject/logs/phnn_Ur1/phnnSS2_Ur6_0211-133518,phnnSS2_Ur6_0211-133518,phnn,6.0,11.0,Force rollout NRMSE,0.01864014
/Users/kasperslagstad/Desktop/Masterproject/logs/phnn_Ur1/phnnSS2_Ur6_0211-133518,phnnSS2_Ur6_0211-133518,phnn,6.0,11.0,Force mapping NRMSE,0.003141355
/Users/kasperslagstad/Desktop/Masterproject/logs/phnn_Ur1/phnnSS2_Ur6_0211-133518,phnnSS2_Ur6_0211-133518,phnn,6.0,12.0,Disp rollout NRMSE,0.1170746
/Users/kasperslagstad/Desktop/Masterproject/logs/phnn_Ur1/phnnSS2_Ur6_0211-133518,phnnSS2_Ur6_0211-133518,phnn,6.0,12.0,Force rollout NRMSE,0.1180809
/Users/kasperslagstad/Desktop/Masterproject/logs/phnn_Ur1/phnnSS2_Ur6_0211-133518,phnnSS2_Ur6_0211-133518,phnn,6.0,12.0,Force mapping NRMSE,0.003503044
/Users/kasperslagstad/Desktop/Masterproject/logs/phnn_Ur1/phnnSS2_Ur7_0211-133520,phnnSS2_Ur7_0211-133520,phnn,7.0,1.0,Disp rollout NRMSE,1.549253
/Users/kasperslagstad/Desktop/Masterproject/logs/phnn_Ur1/phnnSS2_Ur7_0211-133520,phnnSS2_Ur7_0211-133520,phnn,7.0,1.0,Force rollout NRMSE,1.518447
/Users/kasperslagstad/Desktop/Masterproject/logs/phnn_Ur1/phnnSS2_Ur7_0211-133520,phnnSS2_Ur7_0211-133520,phnn,7.0,1.0,Force mapping NRMSE,0.1838572
/Users/kasperslagstad/Desktop/Masterproject/logs/phnn_Ur1/phnnSS2_Ur7_0211-133520,phnnSS2_Ur7_0211-133520,phnn,7.0,2.0,Disp rollout NRMSE,0.2179435
/Users/kasperslagstad/Desktop/Masterproject/logs/phnn_Ur1/phnnSS2_Ur7_0211-133520,phnnSS2_Ur7_0211-133520,phnn,7.0,2.0,Force rollout NRMSE,0.2185106
/Users/kasperslagstad/Desktop/Masterproject/logs/phnn_Ur1/phnnSS2_Ur7_0211-133520,phnnSS2_Ur7_0211-133520,phnn,7.0,2.0,Force mapping NRMSE,0.01213077
/Users/kasperslagstad/Desktop/Masterproject/logs/phnn_Ur1/phnnSS2_Ur7_0211-133520,phnnSS2_Ur7_0211-133520,phnn,7.0,3.0,Disp rollout NRMSE,0.1205698
/Users/kasperslagstad/Desktop/Masterproject/logs/phnn_Ur1/phnnSS2_Ur7_0211-133520,phnnSS2_Ur7_0211-133520,phnn,7.0,3.0,Force rollout NRMSE,0.1207944
/Users/kasperslagstad/Desktop/Masterproject/logs/phnn_Ur1/phnnSS2_Ur7_0211-133520,phnnSS2_Ur7_0211-133520,phnn,7.0,3.0,Force mapping NRMSE,0.005639639
/Users/kasperslagstad/Desktop/Masterproject/logs/phnn_Ur1/phnnSS2_Ur7_0211-133520,phnnSS2_Ur7_0211-133520,phnn,7.0,4.0,Disp rollout NRMSE,0.05685073
/Users/kasperslagstad/Desktop/Masterproject/logs/phnn_Ur1/phnnSS2_Ur7_0211-133520,phnnSS2_Ur7_0211-133520,phnn,7.0,4.0,Force rollout NRMSE,0.05775169
/Users/kasperslagstad/Desktop/Masterproject/logs/phnn_Ur1/phnnSS2_Ur7_0211-133520,phnnSS2_Ur7_0211-133520,phnn,7.0,4.0,Force mapping NRMSE,0.0059393
/Users/kasperslagstad/Desktop/Masterproject/logs/phnn_Ur1/phnnSS2_Ur7_0211-133520,phnnSS2_Ur7_0211-133520,phnn,7.0,5.0,Disp rollout NRMSE,0.01915946
/Users/kasperslagstad/Desktop/Masterproject/logs/phnn_Ur1/phnnSS2_Ur7_0211-133520,phnnSS2_Ur7_0211-133520,phnn,7.0,5.0,Force rollout NRMSE,0.03084456
/Users/kasperslagstad/Desktop/Masterproject/logs/phnn_Ur1/phnnSS2_Ur7_0211-133520,phnnSS2_Ur7_0211-133520,phnn,7.0,5.0,Force mapping NRMSE,0.02193871
/Users/kasperslagstad/Desktop/Masterproject/logs/phnn_Ur1/phnnSS2_Ur7_0211-133520,phnnSS2_Ur7_0211-133520,phnn,7.0,6.0,Disp rollout NRMSE,0.02261159
/Users/kasperslagstad/Desktop/Masterproject/logs/phnn_Ur1/phnnSS2_Ur7_0211-133520,phnnSS2_Ur7_0211-133520,phnn,7.0,6.0,Force rollout NRMSE,0.03635882
/Users/kasperslagstad/Desktop/Masterproject/logs/phnn_Ur1/phnnSS2_Ur7_0211-133520,phnnSS2_Ur7_0211-133520,phnn,7.0,6.0,Force mapping NRMSE,0.01552725
/Users/kasperslagstad/Desktop/Masterproject/logs/phnn_Ur1/phnnSS2_Ur7_0211-133520,phnnSS2_Ur7_0211-133520,phnn,7.0,7.0,Disp rollout NRMSE,0.02430377
/Users/kasperslagstad/Desktop/Masterproject/logs/phnn_Ur1/phnnSS2_Ur7_0211-133520,phnnSS2_Ur7_0211-133520,phnn,7.0,7.0,Force rollout NRMSE,0.0301767
/Users/kasperslagstad/Desktop/Masterproject/logs/phnn_Ur1/phnnSS2_Ur7_0211-133520,phnnSS2_Ur7_0211-133520,phnn,7.0,7.0,Force mapping NRMSE,0.009952237
/Users/kasperslagstad/Desktop/Masterproject/logs/phnn_Ur1/phnnSS2_Ur7_0211-133520,phnnSS2_Ur7_0211-133520,phnn,7.0,8.0,Disp rollout NRMSE,0.04027926
/Users/kasperslagstad/Desktop/Masterproject/logs/phnn_Ur1/phnnSS2_Ur7_0211-133520,phnnSS2_Ur7_0211-133520,phnn,7.0,8.0,Force rollout NRMSE,0.04477918
/Users/kasperslagstad/Desktop/Masterproject/logs/phnn_Ur1/phnnSS2_Ur7_0211-133520,phnnSS2_Ur7_0211-133520,phnn,7.0,8.0,Force mapping NRMSE,0.004535349
/Users/kasperslagstad/Desktop/Masterproject/logs/phnn_Ur1/phnnSS2_Ur7_0211-133520,phnnSS2_Ur7_0211-133520,phnn,7.0,9.0,Disp rollout NRMSE,0.06407505
/Users/kasperslagstad/Desktop/Masterproject/logs/phnn_Ur1/phnnSS2_Ur7_0211-133520,phnnSS2_Ur7_0211-133520,phnn,7.0,9.0,Force rollout NRMSE,0.06885772
/Users/kasperslagstad/Desktop/Masterproject/logs/phnn_Ur1/phnnSS2_Ur7_0211-133520,phnnSS2_Ur7_0211-133520,phnn,7.0,9.0,Force mapping NRMSE,0.003838541
/Users/kasperslagstad/Desktop/Masterproject/logs/phnn_Ur1/phnnSS2_Ur7_0211-133520,phnnSS2_Ur7_0211-133520,phnn,7.0,10.0,Disp rollout NRMSE,0.07732195
/Users/kasperslagstad/Desktop/Masterproject/logs/phnn_Ur1/phnnSS2_Ur7_0211-133520,phnnSS2_Ur7_0211-133520,phnn,7.0,10.0,Force rollout NRMSE,0.08198654
/Users/kasperslagstad/Desktop/Masterproject/logs/phnn_Ur1/phnnSS2_Ur7_0211-133520,phnnSS2_Ur7_0211-133520,phnn,7.0,10.0,Force mapping NRMSE,0.00348501
/Users/kasperslagstad/Desktop/Masterproject/logs/phnn_Ur1/phnnSS2_Ur7_0211-133520,phnnSS2_Ur7_0211-133520,phnn,7.0,11.0,Disp rollout NRMSE,0.08864589
/Users/kasperslagstad/Desktop/Masterproject/logs/phnn_Ur1/phnnSS2_Ur7_0211-133520,phnnSS2_Ur7_0211-133520,phnn,7.0,11.0,Force rollout NRMSE,0.09228218
/Users/kasperslagstad/Desktop/Masterproject/logs/phnn_Ur1/phnnSS2_Ur7_0211-133520,phnnSS2_Ur7_0211-133520,phnn,7.0,11.0,Force mapping NRMSE,0.003045921
/Users/kasperslagstad/Desktop/Masterproject/logs/phnn_Ur1/phnnSS2_Ur7_0211-133520,phnnSS2_Ur7_0211-133520,phnn,7.0,12.0,Disp rollout NRMSE,0.07364659
/Users/kasperslagstad/Desktop/Masterproject/logs/phnn_Ur1/phnnSS2_Ur7_0211-133520,phnnSS2_Ur7_0211-133520,phnn,7.0,12.0,Force rollout NRMSE,0.07648682
/Users/kasperslagstad/Desktop/Masterproject/logs/phnn_Ur1/phnnSS2_Ur7_0211-133520,phnnSS2_Ur7_0211-133520,phnn,7.0,12.0,Force mapping NRMSE,0.002911989
/Users/kasperslagstad/Desktop/Masterproject/logs/phnn_Ur1/phnnSS2_Ur8_0211-133525,phnnSS2_Ur8_0211-133525,phnn,8.0,1.0,Disp rollout NRMSE,1.488487
/Users/kasperslagstad/Desktop/Masterproject/logs/phnn_Ur1/phnnSS2_Ur8_0211-133525,phnnSS2_Ur8_0211-133525,phnn,8.0,1.0,Force rollout NRMSE,1.477966
/Users/kasperslagstad/Desktop/Masterproject/logs/phnn_Ur1/phnnSS2_Ur8_0211-133525,phnnSS2_Ur8_0211-133525,phnn,8.0,1.0,Force mapping NRMSE,0.1854671
/Users/kasperslagstad/Desktop/Masterproject/logs/phnn_Ur1/phnnSS2_Ur8_0211-133525,phnnSS2_Ur8_0211-133525,phnn,8.0,2.0,Disp rollout NRMSE,0.06156992
/Users/kasperslagstad/Desktop/Masterproject/logs/phnn_Ur1/phnnSS2_Ur8_0211-133525,phnnSS2_Ur8_0211-133525,phnn,8.0,2.0,Force rollout NRMSE,0.06310713
/Users/kasperslagstad/Desktop/Masterproject/logs/phnn_Ur1/phnnSS2_Ur8_0211-133525,phnnSS2_Ur8_0211-133525,phnn,8.0,2.0,Force mapping NRMSE,0.007527361
/Users/kasperslagstad/Desktop/Masterproject/logs/phnn_Ur1/phnnSS2_Ur8_0211-133525,phnnSS2_Ur8_0211-133525,phnn,8.0,3.0,Disp rollout NRMSE,0.01197887
/Users/kasperslagstad/Desktop/Masterproject/logs/phnn_Ur1/phnnSS2_Ur8_0211-133525,phnnSS2_Ur8_0211-133525,phnn,8.0,3.0,Force rollout NRMSE,0.01219546
/Users/kasperslagstad/Desktop/Masterproject/logs/phnn_Ur1/phnnSS2_Ur8_0211-133525,phnnSS2_Ur8_0211-133525,phnn,8.0,3.0,Force mapping NRMSE,0.002820739
/Users/kasperslagstad/Desktop/Masterproject/logs/phnn_Ur1/phnnSS2_Ur8_0211-133525,phnnSS2_Ur8_0211-133525,phnn,8.0,4.0,Disp rollout NRMSE,0.03513676
/Users/kasperslagstad/Desktop/Masterproject/logs/phnn_Ur1/phnnSS2_Ur8_0211-133525,phnnSS2_Ur8_0211-133525,phnn,8.0,4.0,Force rollout NRMSE,0.03596173
/Users/kasperslagstad/Desktop/Masterproject/logs/phnn_Ur1/phnnSS2_Ur8_0211-133525,phnnSS2_Ur8_0211-133525,phnn,8.0,4.0,Force mapping NRMSE,0.00460395
/Users/kasperslagstad/Desktop/Masterproject/logs/phnn_Ur1/phnnSS2_Ur8_0211-133525,phnnSS2_Ur8_0211-133525,phnn,8.0,5.0,Disp rollout NRMSE,0.02321042
/Users/kasperslagstad/Desktop/Masterproject/logs/phnn_Ur1/phnnSS2_Ur8_0211-133525,phnnSS2_Ur8_0211-133525,phnn,8.0,5.0,Force rollout NRMSE,0.03429437
/Users/kasperslagstad/Desktop/Masterproject/logs/phnn_Ur1/phnnSS2_Ur8_0211-133525,phnnSS2_Ur8_0211-133525,phnn,8.0,5.0,Force mapping NRMSE,0.02955266
/Users/kasperslagstad/Desktop/Masterproject/logs/phnn_Ur1/phnnSS2_Ur8_0211-133525,phnnSS2_Ur8_0211-133525,phnn,8.0,6.0,Disp rollout NRMSE,0.01839377
/Users/kasperslagstad/Desktop/Masterproject/logs/phnn_Ur1/phnnSS2_Ur8_0211-133525,phnnSS2_Ur8_0211-133525,phnn,8.0,6.0,Force rollout NRMSE,0.02873563
/Users/kasperslagstad/Desktop/Masterproject/logs/phnn_Ur1/phnnSS2_Ur8_0211-133525,phnnSS2_Ur8_0211-133525,phnn,8.0,6.0,Force mapping NRMSE,0.01569743
/Users/kasperslagstad/Desktop/Masterproject/logs/phnn_Ur1/phnnSS2_Ur8_0211-133525,phnnSS2_Ur8_0211-133525,phnn,8.0,7.0,Disp rollout NRMSE,0.01520962
/Users/kasperslagstad/Desktop/Masterproject/logs/phnn_Ur1/phnnSS2_Ur8_0211-133525,phnnSS2_Ur8_0211-133525,phnn,8.0,7.0,Force rollout NRMSE,0.01901936
/Users/kasperslagstad/Desktop/Masterproject/logs/phnn_Ur1/phnnSS2_Ur8_0211-133525,phnnSS2_Ur8_0211-133525,phnn,8.0,7.0,Force mapping NRMSE,0.006400573
/Users/kasperslagstad/Desktop/Masterproject/logs/phnn_Ur1/phnnSS2_Ur8_0211-133525,phnnSS2_Ur8_0211-133525,phnn,8.0,8.0,Disp rollout NRMSE,0.008204914
/Users/kasperslagstad/Desktop/Masterproject/logs/phnn_Ur1/phnnSS2_Ur8_0211-133525,phnnSS2_Ur8_0211-133525,phnn,8.0,8.0,Force rollout NRMSE,0.009727507
/Users/kasperslagstad/Desktop/Masterproject/logs/phnn_Ur1/phnnSS2_Ur8_0211-133525,phnnSS2_Ur8_0211-133525,phnn,8.0,8.0,Force mapping NRMSE,0.003347664
/Users/kasperslagstad/Desktop/Masterproject/logs/phnn_Ur1/phnnSS2_Ur8_0211-133525,phnnSS2_Ur8_0211-133525,phnn,8.0,9.0,Disp rollout NRMSE,0.0182617
/Users/kasperslagstad/Desktop/Masterproject/logs/phnn_Ur1/phnnSS2_Ur8_0211-133525,phnnSS2_Ur8_0211-133525,phnn,8.0,9.0,Force rollout NRMSE,0.02006552
/Users/kasperslagstad/Desktop/Masterproject/logs/phnn_Ur1/phnnSS2_Ur8_0211-133525,phnnSS2_Ur8_0211-133525,phnn,8.0,9.0,Force mapping NRMSE,0.003013947
/Users/kasperslagstad/Desktop/Masterproject/logs/phnn_Ur1/phnnSS2_Ur8_0211-133525,phnnSS2_Ur8_0211-133525,phnn,8.0,10.0,Disp rollout NRMSE,0.02352037
/Users/kasperslagstad/Desktop/Masterproject/logs/phnn_Ur1/phnnSS2_Ur8_0211-133525,phnnSS2_Ur8_0211-133525,phnn,8.0,10.0,Force rollout NRMSE,0.02536169
/Users/kasperslagstad/Desktop/Masterproject/logs/phnn_Ur1/phnnSS2_Ur8_0211-133525,phnnSS2_Ur8_0211-133525,phnn,8.0,10.0,Force mapping NRMSE,0.002750053
/Users/kasperslagstad/Desktop/Masterproject/logs/phnn_Ur1/phnnSS2_Ur8_0211-133525,phnnSS2_Ur8_0211-133525,phnn,8.0,11.0,Disp rollout NRMSE,0.005039573
/Users/kasperslagstad/Desktop/Masterproject/logs/phnn_Ur1/phnnSS2_Ur8_0211-133525,phnnSS2_Ur8_0211-133525,phnn,8.0,11.0,Force rollout NRMSE,0.006012028
/Users/kasperslagstad/Desktop/Masterproject/logs/phnn_Ur1/phnnSS2_Ur8_0211-133525,phnnSS2_Ur8_0211-133525,phnn,8.0,11.0,Force mapping NRMSE,0.002181007
/Users/kasperslagstad/Desktop/Masterproject/logs/phnn_Ur1/phnnSS2_Ur8_0211-133525,phnnSS2_Ur8_0211-133525,phnn,8.0,12.0,Disp rollout NRMSE,0.02631767
/Users/kasperslagstad/Desktop/Masterproject/logs/phnn_Ur1/phnnSS2_Ur8_0211-133525,phnnSS2_Ur8_0211-133525,phnn,8.0,12.0,Force rollout NRMSE,0.02660693
/Users/kasperslagstad/Desktop/Masterproject/logs/phnn_Ur1/phnnSS2_Ur8_0211-133525,phnnSS2_Ur8_0211-133525,phnn,8.0,12.0,Force mapping NRMSE,0.002435043
/Users/kasperslagstad/Desktop/Masterproject/logs/phnn_Ur1/phnnSS2_Ur9_0211-133529,phnnSS2_Ur9_0211-133529,phnn,9.0,1.0,Disp rollout NRMSE,1.583173
/Users/kasperslagstad/Desktop/Masterproject/logs/phnn_Ur1/phnnSS2_Ur9_0211-133529,phnnSS2_Ur9_0211-133529,phnn,9.0,1.0,Force rollout NRMSE,1.554002
/Users/kasperslagstad/Desktop/Masterproject/logs/phnn_Ur1/phnnSS2_Ur9_0211-133529,phnnSS2_Ur9_0211-133529,phnn,9.0,1.0,Force mapping NRMSE,0.1851542
/Users/kasperslagstad/Desktop/Masterproject/logs/phnn_Ur1/phnnSS2_Ur9_0211-133529,phnnSS2_Ur9_0211-133529,phnn,9.0,2.0,Disp rollout NRMSE,0.3731117
/Users/kasperslagstad/Desktop/Masterproject/logs/phnn_Ur1/phnnSS2_Ur9_0211-133529,phnnSS2_Ur9_0211-133529,phnn,9.0,2.0,Force rollout NRMSE,0.3768618
/Users/kasperslagstad/Desktop/Masterproject/logs/phnn_Ur1/phnnSS2_Ur9_0211-133529,phnnSS2_Ur9_0211-133529,phnn,9.0,2.0,Force mapping NRMSE,0.01199689
/Users/kasperslagstad/Desktop/Masterproject/logs/phnn_Ur1/phnnSS2_Ur9_0211-133529,phnnSS2_Ur9_0211-133529,phnn,9.0,3.0,Disp rollout NRMSE,0.06718706
/Users/kasperslagstad/Desktop/Masterproject/logs/phnn_Ur1/phnnSS2_Ur9_0211-133529,phnnSS2_Ur9_0211-133529,phnn,9.0,3.0,Force rollout NRMSE,0.06721182
/Users/kasperslagstad/Desktop/Masterproject/logs/phnn_Ur1/phnnSS2_Ur9_0211-133529,phnnSS2_Ur9_0211-133529,phnn,9.0,3.0,Force mapping NRMSE,0.003845867
/Users/kasperslagstad/Desktop/Masterproject/logs/phnn_Ur1/phnnSS2_Ur9_0211-133529,phnnSS2_Ur9_0211-133529,phnn,9.0,4.0,Disp rollout NRMSE,0.03984912
/Users/kasperslagstad/Desktop/Masterproject/logs/phnn_Ur1/phnnSS2_Ur9_0211-133529,phnnSS2_Ur9_0211-133529,phnn,9.0,4.0,Force rollout NRMSE,0.04078776
/Users/kasperslagstad/Desktop/Masterproject/logs/phnn_Ur1/phnnSS2_Ur9_0211-133529,phnnSS2_Ur9_0211-133529,phnn,9.0,4.0,Force mapping NRMSE,0.004645352
/Users/kasperslagstad/Desktop/Masterproject/logs/phnn_Ur1/phnnSS2_Ur9_0211-133529,phnnSS2_Ur9_0211-133529,phnn,9.0,5.0,Disp rollout NRMSE,0.03090173
/Users/kasperslagstad/Desktop/Masterproject/logs/phnn_Ur1/phnnSS2_Ur9_0211-133529,phnnSS2_Ur9_0211-133529,phnn,9.0,5.0,Force rollout NRMSE,0.05098302
/Users/kasperslagstad/Desktop/Masterproject/logs/phnn_Ur1/phnnSS2_Ur9_0211-133529,phnnSS2_Ur9_0211-133529,phnn,9.0,5.0,Force mapping NRMSE,0.02877406
/Users/kasperslagstad/Desktop/Masterproject/logs/phnn_Ur1/phnnSS2_Ur9_0211-133529,phnnSS2_Ur9_0211-133529,phnn,9.0,6.0,Disp rollout NRMSE,0.02707524
/Users/kasperslagstad/Desktop/Masterproject/logs/phnn_Ur1/phnnSS2_Ur9_0211-133529,phnnSS2_Ur9_0211-133529,phnn,9.0,6.0,Force rollout NRMSE,0.04371343
/Users/kasperslagstad/Desktop/Masterproject/logs/phnn_Ur1/phnnSS2_Ur9_0211-133529,phnnSS2_Ur9_0211-133529,phnn,9.0,6.0,Force mapping NRMSE,0.01924132
/Users/kasperslagstad/Desktop/Masterproject/logs/phnn_Ur1/phnnSS2_Ur9_0211-133529,phnnSS2_Ur9_0211-133529,phnn,9.0,7.0,Disp rollout NRMSE,0.02624154
/Users/kasperslagstad/Desktop/Masterproject/logs/phnn_Ur1/phnnSS2_Ur9_0211-133529,phnnSS2_Ur9_0211-133529,phnn,9.0,7.0,Force rollout NRMSE,0.0326132
/Users/kasperslagstad/Desktop/Masterproject/logs/phnn_Ur1/phnnSS2_Ur9_0211-133529,phnnSS2_Ur9_0211-133529,phnn,9.0,7.0,Force mapping NRMSE,0.008704394
/Users/kasperslagstad/Desktop/Masterproject/logs/phnn_Ur1/phnnSS2_Ur9_0211-133529,phnnSS2_Ur9_0211-133529,phnn,9.0,8.0,Disp rollout NRMSE,0.02915685
/Users/kasperslagstad/Desktop/Masterproject/logs/phnn_Ur1/phnnSS2_Ur9_0211-133529,phnnSS2_Ur9_0211-133529,phnn,9.0,8.0,Force rollout NRMSE,0.03248266
/Users/kasperslagstad/Desktop/Masterproject/logs/phnn_Ur1/phnnSS2_Ur9_0211-133529,phnnSS2_Ur9_0211-133529,phnn,9.0,8.0,Force mapping NRMSE,0.006460974
/Users/kasperslagstad/Desktop/Masterproject/logs/phnn_Ur1/phnnSS2_Ur9_0211-133529,phnnSS2_Ur9_0211-133529,phnn,9.0,9.0,Disp rollout NRMSE,0.03071884
/Users/kasperslagstad/Desktop/Masterproject/logs/phnn_Ur1/phnnSS2_Ur9_0211-133529,phnnSS2_Ur9_0211-133529,phnn,9.0,9.0,Force rollout NRMSE,0.03222915
/Users/kasperslagstad/Desktop/Masterproject/logs/phnn_Ur1/phnnSS2_Ur9_0211-133529,phnnSS2_Ur9_0211-133529,phnn,9.0,9.0,Force mapping NRMSE,0.006016403
/Users/kasperslagstad/Desktop/Masterproject/logs/phnn_Ur1/phnnSS2_Ur9_0211-133529,phnnSS2_Ur9_0211-133529,phnn,9.0,10.0,Disp rollout NRMSE,0.02566374
/Users/kasperslagstad/Desktop/Masterproject/logs/phnn_Ur1/phnnSS2_Ur9_0211-133529,phnnSS2_Ur9_0211-133529,phnn,9.0,10.0,Force rollout NRMSE,0.02654338
/Users/kasperslagstad/Desktop/Masterproject/logs/phnn_Ur1/phnnSS2_Ur9_0211-133529,phnnSS2_Ur9_0211-133529,phnn,9.0,10.0,Force mapping NRMSE,0.004558311
/Users/kasperslagstad/Desktop/Masterproject/logs/phnn_Ur1/phnnSS2_Ur9_0211-133529,phnnSS2_Ur9_0211-133529,phnn,9.0,11.0,Disp rollout NRMSE,0.04269101
/Users/kasperslagstad/Desktop/Masterproject/logs/phnn_Ur1/phnnSS2_Ur9_0211-133529,phnnSS2_Ur9_0211-133529,phnn,9.0,11.0,Force rollout NRMSE,0.0446959
/Users/kasperslagstad/Desktop/Masterproject/logs/phnn_Ur1/phnnSS2_Ur9_0211-133529,phnnSS2_Ur9_0211-133529,phnn,9.0,11.0,Force mapping NRMSE,0.003847826
/Users/kasperslagstad/Desktop/Masterproject/logs/phnn_Ur1/phnnSS2_Ur9_0211-133529,phnnSS2_Ur9_0211-133529,phnn,9.0,12.0,Disp rollout NRMSE,0.0606985
/Users/kasperslagstad/Desktop/Masterproject/logs/phnn_Ur1/phnnSS2_Ur9_0211-133529,phnnSS2_Ur9_0211-133529,phnn,9.0,12.0,Force rollout NRMSE,0.06008959
/Users/kasperslagstad/Desktop/Masterproject/logs/phnn_Ur1/phnnSS2_Ur9_0211-133529,phnnSS2_Ur9_0211-133529,phnn,9.0,12.0,Force mapping NRMSE,0.004064083
